PDB ID,Chain,Res ID,Res Name,Expt. pKa,Notes,Expt. Uncertainty,Expt. temp,Expt. pH,Expt. salt conc,Source,Res#,Reference,Expt. method
135L,A,7,GLU,2.68,,0.09,308 K,1.0-7.0,2.5 M,R,0,https://doi.org/10.1142/S2737416525500164,"NMR, mostly"
135L,A,18,ASP,2.68,,0.1,308 K,1.0-7.0,2.5 M,R,0,https://doi.org/10.1142/S2737416525500164,"NMR, mostly"
135L,A,35,GLU,6.06,,0.12,308 K,1.0-7.0,2.5 M,R,0,https://doi.org/10.1142/S2737416525500164,"NMR, mostly"
135L,A,52,ASP,3.78,,0.08,308 K,1.0-7.0,2.5 M,R,0,https://doi.org/10.1142/S2737416525500164,"NMR, mostly"
135L,A,87,ASP,2.13,,0.16,308 K,1.0-7.0,2.5 M,R,0,https://doi.org/10.1142/S2737416525500164,"NMR, mostly"
135L,A,119,ASP,3.35,,0.11,308 K,1.0-7.0,2.5 M,R,0,https://doi.org/10.1142/S2737416525500164,"NMR, mostly"
1A2P,A,8,ASP,3.1,,0.1,303 K,0.2-6.3,50mM-600mM,R,0,https://doi.org/10.1142/S2737416525500164,"NMR, mostly"
1A2P,A,12,ASP,3.8,,0.1,303 K,0.2-6.3,50mM-600mM,R,0,https://doi.org/10.1142/S2737416525500164,"NMR, mostly"
1A2P,A,18,HIS,7.75,,0.02,298 K,5.6-8.7,10mM,R,0,https://doi.org/10.1142/S2737416525500164,"NMR, mostly"
1A2P,A,22,ASP,3.3,,0.1,303 K,0.2-6.3,50mM-600mM,R,0,https://doi.org/10.1142/S2737416525500164,"NMR, mostly"
1A2P,A,29,GLU,3.75,,0.05,303 K,0.2-6.3,50mM-600mM,R,0,https://doi.org/10.1142/S2737416525500164,"NMR, mostly"
1A2P,A,44,ASP,3.6,,0.1,303 K,0.2-6.3,50mM-600mM,R,0,https://doi.org/10.1142/S2737416525500164,"NMR, mostly"
1A2P,A,54,ASP,2.2,,0.3,303 K,0.2-6.3,50mM-600mM,R,0,https://doi.org/10.1142/S2737416525500164,"NMR, mostly"
1A2P,A,60,GLU,3.0,,0.1,303 K,0.2-6.3,50mM-600mM,R,0,https://doi.org/10.1142/S2737416525500164,"NMR, mostly"
1A2P,A,73,GLU,2.1,,0.1,303 K,0.2-6.3,50mM-600mM,R,0,https://doi.org/10.1142/S2737416525500164,"NMR, mostly"
1A2P,A,75,ASP,3.1,,0.2,303 K,0.2-6.3,50mM-600mM,R,0,https://doi.org/10.1142/S2737416525500164,"NMR, mostly"
1A2P,A,86,ASP,4.2,,0.1,303 K,0.2-6.3,50mM-600mM,R,0,https://doi.org/10.1142/S2737416525500164,"NMR, mostly"
1A2P,A,101,ASP,2.0,,0.2,303 K,0.2-6.3,50mM-600mM,R,0,https://doi.org/10.1142/S2737416525500164,"NMR, mostly"
1A2P,A,102,HIS,6.3,,0.05,298 K,6.0-9.0,5M,R,0,https://doi.org/10.1142/S2737416525500164,"NMR, mostly"
1A2P,A,110,C-term,3.3,,0.1,303 K,0.2-6.3,50mM-600mM,R,0,https://doi.org/10.1142/S2737416525500164,"NMR, mostly"
1A6K,A,12,HIS,6.49,"0.2 M, 298 K; Metaquomyoglobin (metMb), from Kao2000",<0.01,298 K,5.0-9.0,0.2 M,R,0,https://doi.org/10.1142/S2737416525500164,"NMR, mostly"
1A6K,A,36,HIS,7.98,"0.2 M, 298 K; Metaquomyoglobin (metMb), from Kao2000",<0.01,298 K,5.0-9.0,0.2 M,R,0,https://doi.org/10.1142/S2737416525500164,"NMR, mostly"
1A6K,A,48,HIS,5.55,"0.2 M, 298 K; Metaquomyoglobin (metMb), from Kao2000",<0.01,298 K,5.0-9.0,0.2 M,R,0,https://doi.org/10.1142/S2737416525500164,"NMR, mostly"
1A6K,A,81,HIS,6.88,"0.2 M, 298 K; Metaquomyoglobin (metMb), from Kao2000",0.01,298 K,5.0-9.0,0.2 M,R,0,https://doi.org/10.1142/S2737416525500164,"NMR, mostly"
1A6K,A,113,HIS,5.51,"0.2 M, 298 K; Metaquomyoglobin (metMb), from Kao2000",0.02,298 K,5.0-9.0,0.2 M,R,0,https://doi.org/10.1142/S2737416525500164,"NMR, mostly"
1A6K,A,116,HIS,6.7,"0.2 M, 298 K; Metaquomyoglobin (metMb), from Kao2000",0.01,298 K,5.0-9.0,0.2 M,R,0,https://doi.org/10.1142/S2737416525500164,"NMR, mostly"
1A6K,A,119,HIS,6.26,"0.2 M, 298 K; Metaquomyoglobin (metMb), from Kao2000",0.01,298 K,5.0-9.0,0.2 M,R,0,https://doi.org/10.1142/S2737416525500164,"NMR, mostly"
1A6K,A,151,TYR,10.6,Cyanoferrimyoglobin (MbCN); no MbCN PDB available,,,,,R,0,https://doi.org/10.1142/S2737416525500164,"NMR, mostly"
1A91,A,2,GLU,5.5,,0.3,298 K,3.3-8.0,50 mM,R,0,https://doi.org/10.1142/S2737416525500164,"NMR, mostly"
1A91,A,7,ASP,5.6,,0.3,298 K,3.3-8.0,50 mM,R,0,https://doi.org/10.1142/S2737416525500164,"NMR, mostly"
1A91,A,37,GLU,5.5,,0.3,298 K,3.3-8.0,50 mM,R,0,https://doi.org/10.1142/S2737416525500164,"NMR, mostly"
1A91,A,44,ASP,5.6,,0.1,298 K,3.3-8.0,50 mM,R,0,https://doi.org/10.1142/S2737416525500164,"NMR, mostly"
1A91,A,61,ASP,7.1,,0.2,298 K,3.3-8.0,50 mM,R,0,https://doi.org/10.1142/S2737416525500164,"NMR, mostly"
1A93,A,29,HIS,6.85,,0.03,298 K,2.0-11.0,50 mM,R,0,https://doi.org/10.1142/S2737416525500164,"NMR, mostly"
1ANS,A,7,TYR,9.7,,0.2,300 K,1.8-12.0,,R,0,https://doi.org/10.1142/S2737416525500164,"NMR, mostly"
1ANS,A,18,TYR,10.1,,0.2,300 K,1.8-12.0,,R,0,https://doi.org/10.1142/S2737416525500164,"NMR, mostly"
1ANS,A,20,GLU,5.4,,0.2,300 K,1.8-12.0,,R,0,https://doi.org/10.1142/S2737416525500164,"NMR, mostly"
1ANS,A,27,C-term,3.3,,0.3,300 K,1.8-12.0,,R,0,https://doi.org/10.1142/S2737416525500164,"NMR, mostly"
1AO6,A,34,CYS,6.9,,,,,,R,0,https://doi.org/10.1142/S2737416525500164,"NMR, mostly"
#1AZP,A,11,GLU,4.19,"13C NMR, no DNA in pKa experiment; 1AZP (Resolution: 1.60 Å) & 1CA5 (Resolution: 2.20 Å) are X-RAY structures but bound with DNA, 1SAP has no DNA but is SOLUTION NMR structure, so use 1AZP. Users should consider removing DNA from the PDB.",0.01,273-373 K,0-8,0.3 M,R,0,https://doi.org/10.1142/S2737416525500164,"NMR, mostly"
#1AZP,A,12,GLU,4.41,"13C NMR, no DNA in pKa experiment; 1AZP (Resolution: 1.60 Å) & 1CA5 (Resolution: 2.20 Å) are X-RAY structures but bound with DNA, 1SAP has no DNA but is SOLUTION NMR structure, so use 1AZP. Users should consider removing DNA from the PDB.",0.01,273-373 K,0-8,0.3 M,R,0,https://doi.org/10.1142/S2737416525500164,"NMR, mostly"
#1AZP,A,14,GLU,4.0,"13C NMR, no DNA in pKa experiment; 1AZP (Resolution: 1.60 Å) & 1CA5 (Resolution: 2.20 Å) are X-RAY structures but bound with DNA, 1SAP has no DNA but is SOLUTION NMR structure, so use 1AZP. Users should consider removing DNA from the PDB.",0.01,273-373 K,0-8,0.3 M,R,0,https://doi.org/10.1142/S2737416525500164,"NMR, mostly"
#1AZP,A,16,ASP,2.89,"13C NMR, no DNA in pKa experiment; 1AZP (Resolution: 1.60 Å) & 1CA5 (Resolution: 2.20 Å) are X-RAY structures but bound with DNA, 1SAP has no DNA but is SOLUTION NMR structure, so use 1AZP. Users should consider removing DNA from the PDB.",0.01,273-373 K,0-8,0.3 M,R,0,https://doi.org/10.1142/S2737416525500164,"NMR, mostly"
#1AZP,A,35,ASP,3.42,"13C NMR, no DNA in pKa experiment; 1AZP (Resolution: 1.60 Å) & 1CA5 (Resolution: 2.20 Å) are X-RAY structures but bound with DNA, 1SAP has no DNA but is SOLUTION NMR structure, so use 1AZP. Users should consider removing DNA from the PDB.",0.01,273-373 K,0-8,0.3 M,R,0,https://doi.org/10.1142/S2737416525500164,"NMR, mostly"
#1AZP,A,36,ASP,3.12,"13C NMR, no DNA in pKa experiment; 1AZP (Resolution: 1.60 Å) & 1CA5 (Resolution: 2.20 Å) are X-RAY structures but bound with DNA, 1SAP has no DNA but is SOLUTION NMR structure, so use 1AZP. Users should consider removing DNA from the PDB.",0.01,273-373 K,0-8,0.3 M,R,0,https://doi.org/10.1142/S2737416525500164,"NMR, mostly"
#1AZP,A,47,GLU,4.21,"13C NMR, no DNA in pKa experiment; 1AZP (Resolution: 1.60 Å) & 1CA5 (Resolution: 2.20 Å) are X-RAY structures but bound with DNA, 1SAP has no DNA but is SOLUTION NMR structure, so use 1AZP. Users should consider removing DNA from the PDB.",0.01,273-373 K,0-8,0.3 M,R,0,https://doi.org/10.1142/S2737416525500164,"NMR, mostly"
#1AZP,A,49,ASP,3.55,"13C NMR, no DNA in pKa experiment; 1AZP (Resolution: 1.60 Å) & 1CA5 (Resolution: 2.20 Å) are X-RAY structures but bound with DNA, 1SAP has no DNA but is SOLUTION NMR structure, so use 1AZP. Users should consider removing DNA from the PDB.",0.01,273-373 K,0-8,0.3 M,R,0,https://doi.org/10.1142/S2737416525500164,"NMR, mostly"
#1AZP,A,53,GLU,3.53,"13C NMR, no DNA in pKa experiment; 1AZP (Resolution: 1.60 Å) & 1CA5 (Resolution: 2.20 Å) are X-RAY structures but bound with DNA, 1SAP has no DNA but is SOLUTION NMR structure, so use 1AZP. Users should consider removing DNA from the PDB.",0.01,273-373 K,0-8,0.3 M,R,0,https://doi.org/10.1142/S2737416525500164,"NMR, mostly"
#1AZP,A,56,ASP,3.35,"13C NMR, no DNA in pKa experiment; 1AZP (Resolution: 1.60 Å) & 1CA5 (Resolution: 2.20 Å) are X-RAY structures but bound with DNA, 1SAP has no DNA but is SOLUTION NMR structure, so use 1AZP. Users should consider removing DNA from the PDB.",0.01,273-373 K,0-8,0.3 M,R,0,https://doi.org/10.1142/S2737416525500164,"NMR, mostly"
#1AZP,A,62,GLU,3.99,"13C NMR, no DNA in pKa experiment; 1AZP (Resolution: 1.60 Å) & 1CA5 (Resolution: 2.20 Å) are X-RAY structures but bound with DNA, 1SAP has no DNA but is SOLUTION NMR structure, so use 1AZP. Users should consider removing DNA from the PDB.",0.01,273-373 K,0-8,0.3 M,R,0,https://doi.org/10.1142/S2737416525500164,"NMR, mostly"
#1AZP,A,64,GLU,4.23,"13C NMR, no DNA in pKa experiment; 1AZP (Resolution: 1.60 Å) & 1CA5 (Resolution: 2.20 Å) are X-RAY structures but bound with DNA, 1SAP has no DNA but is SOLUTION NMR structure, so use 1AZP. Users should consider removing DNA from the PDB.",0.01,273-373 K,0-8,0.3 M,R,0,https://doi.org/10.1142/S2737416525500164,"NMR, mostly"
1B2V,A,32,HIS,7.3,,,298 K,4.0-11.0,0.1 M,R,0,https://doi.org/10.1142/S2737416525500164,"NMR, mostly"
1B2V,A,83,HIS,5.6,,,298 K,4.0-11.0,0.1 M,R,0,https://doi.org/10.1142/S2737416525500164,"NMR, mostly"
1B2V,A,128,HIS,7.1,,,298 K,4.0-11.0,0.1 M,R,0,https://doi.org/10.1142/S2737416525500164,"NMR, mostly"
#1BED,A,30,CYS,5.1,"The resid is 49 in pKa paper, but 30 in PDB. The CPHC motif is at resid 30-33 in PDB. This species’ sequence is very different from E. Coli’s: 1BED & 1DSB only have a seq. identity of 40%.",,,,,R,0,https://doi.org/10.1142/S2737416525500164,"NMR, mostly"
1BEO,A,1,N-term,7.43,,,313 K,1.5-11.2,,R,0,https://doi.org/10.1142/S2737416525500164,"NMR, mostly"
1BEO,A,21,ASP,2.49,,0.05,313 K,1.5-11.2,,R,0,https://doi.org/10.1142/S2737416525500164,"NMR, mostly"
1BEO,A,30,ASP,2.51,,0.09,313 K,1.5-11.2,,R,0,https://doi.org/10.1142/S2737416525500164,"NMR, mostly"
1BEO,A,61,LYS,10.1,,,313 K,1.5-11.2,,R,0,https://doi.org/10.1142/S2737416525500164,"NMR, mostly"
1BEO,A,72,ASP,2.61,,0.15,313 K,1.5-11.2,,R,0,https://doi.org/10.1142/S2737416525500164,"NMR, mostly"
1BEO,A,85,TYR,10.35,,0.15,313 K,1.5-11.2,,R,0,https://doi.org/10.1142/S2737416525500164,"NMR, mostly"
1BEO,A,94,LYS,9.4,,,313 K,1.5-11.2,,R,0,https://doi.org/10.1142/S2737416525500164,"NMR, mostly"
1BEO,A,98,C-term,3.51,,0.01,313 K,1.5-11.2,,R,0,https://doi.org/10.1142/S2737416525500164,"NMR, mostly"
1BI6,A,5,GLU,4.0,,0.1,313 K,1.5-7.0,,R,0,https://doi.org/10.1142/S2737416525500164,"NMR, mostly"
1BI6,B,1,GLU,3.3,,0.1,313 K,1.5-7.0,,R,0,https://doi.org/10.1142/S2737416525500164,"NMR, mostly"
1BI6,B,2,GLU,3.3,,0.1,313 K,1.5-7.0,,R,0,https://doi.org/10.1142/S2737416525500164,"NMR, mostly"
1BI6,B,9,ASP,3.0,,0.2,313 K,1.5-7.0,,R,0,https://doi.org/10.1142/S2737416525500164,"NMR, mostly"
1BI6,B,13,ASP,3.8,,0.1,313 K,1.5-7.0,,R,0,https://doi.org/10.1142/S2737416525500164,"NMR, mostly"
1BI6,B,24,GLU,4.2,,0.1,313 K,1.5-7.0,,R,0,https://doi.org/10.1142/S2737416525500164,"NMR, mostly"
1BI6,B,32,ASP,3.1,,0.2,313 K,1.5-7.0,,R,0,https://doi.org/10.1142/S2737416525500164,"NMR, mostly"
1BI6,B,38,ASP,3.7,,0.2,313 K,1.5-7.0,,R,0,https://doi.org/10.1142/S2737416525500164,"NMR, mostly"
#1BNZ,A,1,N-term,7.0,"1H NMR. No DNA in pKa experiments. 1BNZ is wildtype, alternative PDBs: 1C8C (E14Q/E60A), 1BF4 (mutations x10); they are all X-RAY structures bound to DNA. Users should consider removing DNA from the PDB.",,300 K,1.5-12.0,,R,0,https://doi.org/10.1142/S2737416525500164,"NMR, mostly"
#1BNZ,A,11,GLU,4.17,"13C NMR. No DNA in pKa experiments. 1BNZ is wildtype, alternative PDBs: 1C8C (E14Q/E60A), 1BF4 (mutations x10); they are all X-RAY structures bound to DNA. Users should consider removing DNA from the PDB.",0.01,273-373 K,0-8,0.3 M,R,0,https://doi.org/10.1142/S2737416525500164,"NMR, mostly"
#1BNZ,A,12,GLU,4.33,"13C NMR. No DNA in pKa experiments. 1BNZ is wildtype, alternative PDBs: 1C8C (E14Q/E60A), 1BF4 (mutations x10); they are all X-RAY structures bound to DNA. Users should consider removing DNA from the PDB.",0.01,273-373 K,0-8,0.3 M,R,0,https://doi.org/10.1142/S2737416525500164,"NMR, mostly"
#1BNZ,A,16,ASP,2.62,"13C NMR. No DNA in pKa experiments. 1BNZ is wildtype, alternative PDBs: 1C8C (E14Q/E60A), 1BF4 (mutations x10); they are all X-RAY structures bound to DNA. Users should consider removing DNA from the PDB.",0.01,273-373 K,0-8,0.3 M,R,0,https://doi.org/10.1142/S2737416525500164,"NMR, mostly"
#1BNZ,A,35,ASP,2.67,"13C NMR. No DNA in pKa experiments. 1BNZ is wildtype, alternative PDBs: 1C8C (E14Q/E60A), 1BF4 (mutations x10); they are all X-RAY structures bound to DNA. Users should consider removing DNA from the PDB.",0.01,273-373 K,0-8,0.3 M,R,0,https://doi.org/10.1142/S2737416525500164,"NMR, mostly"
#1BNZ,A,36,GLU,4.89,"13C NMR. No DNA in pKa experiments. 1BNZ is wildtype, alternative PDBs: 1C8C (E14Q/E60A), 1BF4 (mutations x10); they are all X-RAY structures bound to DNA. Users should consider removing DNA from the PDB.",0.01,273-373 K,0-8,0.3 M,R,0,https://doi.org/10.1142/S2737416525500164,"NMR, mostly"
#1BNZ,A,48,GLU,4.03,"13C NMR. No DNA in pKa experiments. 1BNZ is wildtype, alternative PDBs: 1C8C (E14Q/E60A), 1BF4 (mutations x10); they are all X-RAY structures bound to DNA. Users should consider removing DNA from the PDB.",0.01,273-373 K,0-8,0.3 M,R,0,https://doi.org/10.1142/S2737416525500164,"NMR, mostly"
#1BNZ,A,50,ASP,3.55,"13C NMR. No DNA in pKa experiments. 1BNZ is wildtype, alternative PDBs: 1C8C (E14Q/E60A), 1BF4 (mutations x10); they are all X-RAY structures bound to DNA. Users should consider removing DNA from the PDB.",0.01,273-373 K,0-8,0.3 M,R,0,https://doi.org/10.1142/S2737416525500164,"NMR, mostly"
#1BNZ,A,54,GLU,3.56,"13C NMR. No DNA in pKa experiments. 1BNZ is wildtype, alternative PDBs: 1C8C (E14Q/E60A), 1BF4 (mutations x10); they are all X-RAY structures bound to DNA. Users should consider removing DNA from the PDB.",0.01,273-373 K,0-8,0.3 M,R,0,https://doi.org/10.1142/S2737416525500164,"NMR, mostly"
#1BNZ,A,60,GLU,4.24,"13C NMR. No DNA in pKa experiments. 1BNZ is wildtype, alternative PDBs: 1C8C (E14Q/E60A), 1BF4 (mutations x10); they are all X-RAY structures bound to DNA. Users should consider removing DNA from the PDB.",0.01,273-373 K,0-8,0.3 M,R,0,https://doi.org/10.1142/S2737416525500164,"NMR, mostly"
#1BNZ,A,64,C-term,3.4,"1H NMR. No DNA in pKa experiments. 1BNZ is wildtype, alternative PDBs: 1C8C (E14Q/E60A), 1BF4 (mutations x10); they are all X-RAY structures bound to DNA. Users should consider removing DNA from the PDB.",,300 K,1.5-12.0,,R,0,https://doi.org/10.1142/S2737416525500164,"NMR, mostly"
1BPI,A,1,N-term,8.1,,0.1,293 K,0-16,200 mM,R,0,https://doi.org/10.1142/S2737416525500164,"NMR, mostly"
1BPI,A,3,ASP,3.0,,0.1,293 K,0-16,200 mM,R,0,https://doi.org/10.1142/S2737416525500164,"NMR, mostly"
1BPI,A,7,GLU,3.7,,0.1,293 K,0-16,200 mM,R,0,https://doi.org/10.1142/S2737416525500164,"NMR, mostly"
1BPI,A,15,LYS,10.6,,0.1,293 K,0-16,200 mM,R,0,https://doi.org/10.1142/S2737416525500164,"NMR, mostly"
1BPI,A,26,LYS,10.6,,0.1,293 K,0-16,200 mM,R,0,https://doi.org/10.1142/S2737416525500164,"NMR, mostly"
1BPI,A,41,LYS,10.8,,0.1,293 K,0-16,200 mM,R,0,https://doi.org/10.1142/S2737416525500164,"NMR, mostly"
1BPI,A,46,LYS,10.6,,0.1,293 K,0-16,200 mM,R,0,https://doi.org/10.1142/S2737416525500164,"NMR, mostly"
1BPI,A,49,GLU,3.8,,0.1,293 K,0-16,200 mM,R,0,https://doi.org/10.1142/S2737416525500164,"NMR, mostly"
1BPI,A,50,ASP,3.4,,0.1,293 K,0-16,200 mM,R,0,https://doi.org/10.1142/S2737416525500164,"NMR, mostly"
1BPI,A,58,C-term,2.9,,0.1,293 K,0-16,200 mM,R,0,https://doi.org/10.1142/S2737416525500164,"NMR, mostly"
1CDC,A,25,ASP,3.53,,0.02,298 K,2.0-10.0,100-300 mM,R,0,https://doi.org/10.1142/S2737416525500164,"NMR, mostly"
1CDC,A,26,ASP,3.58,,0.02,298 K,2.0-10.0,100-300 mM,R,0,https://doi.org/10.1142/S2737416525500164,"NMR, mostly"
1CDC,A,28,ASP,3.57,,0.06,298 K,2.0-10.0,100-300 mM,R,0,https://doi.org/10.1142/S2737416525500164,"NMR, mostly"
1CDC,A,29,GLU,4.42,,0.04,298 K,2.0-10.0,100-300 mM,R,0,https://doi.org/10.1142/S2737416525500164,"NMR, mostly"
1CDC,A,33,GLU,4.16,,0.02,298 K,2.0-10.0,100-300 mM,R,0,https://doi.org/10.1142/S2737416525500164,"NMR, mostly"
1CDC,A,41,GLU,6.73,,0.05,298 K,2.0-10.0,100-300 mM,R,0,https://doi.org/10.1142/S2737416525500164,"NMR, mostly"
1CDC,A,56,GLU,3.92,,0.01,298 K,2.0-10.0,100-300 mM,R,0,https://doi.org/10.1142/S2737416525500164,"NMR, mostly"
1CDC,A,62,ASP,4.15,,0.02,298 K,2.0-10.0,100-300 mM,R,0,https://doi.org/10.1142/S2737416525500164,"NMR, mostly"
1CDC,A,71,ASP,3.18,,0.04,298 K,2.0-10.0,100-300 mM,R,0,https://doi.org/10.1142/S2737416525500164,"NMR, mostly"
1CDC,A,72,ASP,4.14,,0.05,298 K,2.0-10.0,100-300 mM,R,0,https://doi.org/10.1142/S2737416525500164,"NMR, mostly"
1CDC,A,94,ASP,3.87,,0.04,298 K,2.0-10.0,100-300 mM,R,0,https://doi.org/10.1142/S2737416525500164,"NMR, mostly"
1CDC,A,99,GLU,4.25,,0.04,298 K,2.0-10.0,100-300 mM,R,0,https://doi.org/10.1142/S2737416525500164,"NMR, mostly"
1CDC,A,176,C-term,3.11,,0.05,298 K,2.0-10.0,100 mM,R,0,https://doi.org/10.1142/S2737416525500164,"NMR, mostly"
1DE3,A,9,ASP,3.9,,0.1,298 K,3.0-8.5,0.1 M,R,0,https://doi.org/10.1142/S2737416525500164,"NMR, mostly"
1DE3,A,19,GLU,4.6,,0.2,298 K,3.0-8.5,0.1 M,R,0,https://doi.org/10.1142/S2737416525500164,"NMR, mostly"
1DE3,A,31,GLU,4.6,,0.2,298 K,3.0-8.5,0.1 M,R,0,https://doi.org/10.1142/S2737416525500164,"NMR, mostly"
1DE3,A,35,HIS,6.3,,0.1,298 K,3.0-8.5,0.1 M,R,0,https://doi.org/10.1142/S2737416525500164,"NMR, mostly"
1DE3,A,36,HIS,6.8,,0.1,298 K,3.0-8.5,0.1 M,R,0,https://doi.org/10.1142/S2737416525500164,"NMR, mostly"
1DE3,A,50,HIS,7.7,,0.2,298 K,3.0-8.5,0.1 M,R,0,https://doi.org/10.1142/S2737416525500164,"NMR, mostly"
1DE3,A,57,ASP,4.3,,0.1,298 K,3.0-8.5,0.1 M,R,0,https://doi.org/10.1142/S2737416525500164,"NMR, mostly"
1DE3,A,59,ASP,4.1,,0.1,298 K,3.0-8.5,0.1 M,R,0,https://doi.org/10.1142/S2737416525500164,"NMR, mostly"
1DE3,A,75,ASP,3.9,,0.1,298 K,3.0-8.5,0.1 M,R,0,https://doi.org/10.1142/S2737416525500164,"NMR, mostly"
1DE3,A,82,HIS,7.3,,0.1,298 K,3.0-8.5,0.1 M,R,0,https://doi.org/10.1142/S2737416525500164,"NMR, mostly"
1DE3,A,85,ASP,3.8,,0.1,298 K,3.0-8.5,0.1 M,R,0,https://doi.org/10.1142/S2737416525500164,"NMR, mostly"
1DE3,A,92,HIS,6.9,,0.1,298 K,3.0-8.5,0.1 M,R,0,https://doi.org/10.1142/S2737416525500164,"NMR, mostly"
1DE3,A,96,GLU,5.1,,0.1,298 K,3.0-8.5,0.1 M,R,0,https://doi.org/10.1142/S2737416525500164,"NMR, mostly"
1DE3,A,104,HIS,6.6,,0.2,298 K,3.0-8.5,0.1 M,R,0,https://doi.org/10.1142/S2737416525500164,"NMR, mostly"
1DE3,A,109,ASP,3.7,,0.2,298 K,3.0-8.5,0.1 M,R,0,https://doi.org/10.1142/S2737416525500164,"NMR, mostly"
1DE3,A,115,GLU,4.9,,0.1,298 K,3.0-8.5,0.1 M,R,0,https://doi.org/10.1142/S2737416525500164,"NMR, mostly"
1DE3,A,137,HIS,5.8,,0.1,298 K,3.0-8.5,0.1 M,R,0,https://doi.org/10.1142/S2737416525500164,"NMR, mostly"
1DE3,A,140,GLU,4.3,,0.1,298 K,3.0-8.5,0.1 M,R,0,https://doi.org/10.1142/S2737416525500164,"NMR, mostly"
1DE3,A,144,GLU,4.3,,0.1,298 K,3.0-8.5,0.1 M,R,0,https://doi.org/10.1142/S2737416525500164,"NMR, mostly"
1DE3,A,150,HIS,7.6,,0.2,298 K,3.0-8.5,0.1 M,R,0,https://doi.org/10.1142/S2737416525500164,"NMR, mostly"
1DG9,A,66,HIS,8.33,"Manually-created ""Main"" entry, using avg pKa measured under very similar conditions from two papers (with one common author)",,,,,R,0,https://doi.org/10.1142/S2737416525500164,"NMR, mostly"
1DG9,A,72,HIS,9.19,from Tish1997,0.01,298 K,5.0-10.5,0.1 M,R,0,https://doi.org/10.1142/S2737416525500164,"NMR, mostly"
1DIV,A,8,ASP,2.99,,0.05,298 K,1.5-12.5,100 mM,R,0,https://doi.org/10.1142/S2737416525500164,"NMR, mostly"
1DIV,A,17,GLU,3.57,,0.05,298 K,1.5-12.5,102 mM,R,0,https://doi.org/10.1142/S2737416525500164,"NMR, mostly"
1DIV,A,23,ASP,3.05,,0.04,298 K,1.5-12.5,101 mM,R,0,https://doi.org/10.1142/S2737416525500164,"NMR, mostly"
1DIV,A,38,GLU,4.04,,0.05,298 K,1.5-12.5,103 mM,R,0,https://doi.org/10.1142/S2737416525500164,"NMR, mostly"
1DIV,A,48,GLU,4.21,,0.08,298 K,1.5-12.5,104 mM,R,0,https://doi.org/10.1142/S2737416525500164,"NMR, mostly"
1DIV,A,54,GLU,4.21,,0.08,298 K,1.5-12.5,105 mM,R,0,https://doi.org/10.1142/S2737416525500164,"NMR, mostly"
1DSB,A,30,CYS,3.5,,,298 K,2.0-10.0,0.1 M,R,0,https://doi.org/10.1142/S2737416525500164,"NMR, mostly"
1EEJ,A,98,CYS,4.35,"Manually-created ""Main"" entry, using average pKa of two values from two papers using the same method",,,,,R,0,https://doi.org/10.1142/S2737416525500164,"NMR, mostly"
1EGF,A,1,N-term,7.7,,0.1,298 K,1.5-9.0,,R,0,https://doi.org/10.1142/S2737416525500164,"NMR, mostly"
1EGF,A,11,ASP,3.9,,0.05,298 K,1.5-9.0,,R,0,https://doi.org/10.1142/S2737416525500164,"NMR, mostly"
1EGF,A,22,HIS,6.8,,0.1,298 K,1.5-9.0,,R,0,https://doi.org/10.1142/S2737416525500164,"NMR, mostly"
1EGF,A,24,GLU,4.1,,0.1,298 K,1.5-9.0,,R,0,https://doi.org/10.1142/S2737416525500164,"NMR, mostly"
1EGF,A,27,ASP,4.0,,0.1,298 K,1.5-9.0,,R,0,https://doi.org/10.1142/S2737416525500164,"NMR, mostly"
1EGF,A,40,ASP,3.6,,0.1,298 K,1.5-9.0,,R,0,https://doi.org/10.1142/S2737416525500164,"NMR, mostly"
1EGF,A,46,ASP,3.8,,0.1,298 K,1.5-9.0,,R,0,https://doi.org/10.1142/S2737416525500164,"NMR, mostly"
1EGF,A,53,C-term,3.5,,0.1,298 K,1.5-9.0,,R,0,https://doi.org/10.1142/S2737416525500164,"NMR, mostly"
1EH6,A,145,CYS,5.3,,0.2,296 K,,0.25 M,R,0,https://doi.org/10.1142/S2737416525500164,"NMR, mostly"
1ERT,A,1,N-term,7.3,Reduced pKa from Forman1992,0.2,313 K,2.1-10.6,,R,0,https://doi.org/10.1142/S2737416525500164,"NMR, mostly"
1ERT,A,6,GLU,4.8,"Reduced pKa from Qin1996; 1ERT is X-RAY structure in REDUCED form, 1TRW is NMR structure, so use 1ERT",0.08,298 K,1.9-10.0,100 mM,R,0,https://doi.org/10.1142/S2737416525500164,"NMR, mostly"
1ERT,A,13,GLU,4.4,"Reduced pKa from Qin1996; Forman1992 & Qin1996 are from the same lab (Gronenborn), Forman1992 used 2D 1H and 15N NMR, Qin1996 used triple-resonance NMR ->> when there is pKa in the later paper, use the later pKa value in Qin1996; 1ERT is X-RAY structure in REDUCED form, 1TRW is NMR structure, so use 1ERT",0.07,298 K,2.0-7.0,,R,0,https://doi.org/10.1142/S2737416525500164,"NMR, mostly"
1ERT,A,16,ASP,4.0,"Reduced pKa from Qin1996; Forman1992 & Qin1996 are from the same lab (Gronenborn), Forman1992 used 2D 1H and 15N NMR, Qin1996 used triple-resonance NMR ->> when there is pKa in the later paper, use the later pKa value in Qin1996; 1ERT is X-RAY structure in REDUCED form, 1TRW is NMR structure, so use 1ERT",0.06,298 K,2.0-7.0,,R,0,https://doi.org/10.1142/S2737416525500164,"NMR, mostly"
1ERT,A,20,ASP,3.8,"Reduced pKa from Qin1996; Forman1992 & Qin1996 are from the same lab (Gronenborn), Forman1992 used 2D 1H and 15N NMR, Qin1996 used triple-resonance NMR ->> when there is pKa in the later paper, use the later pKa value in Qin1996; 1ERT is X-RAY structure in REDUCED form, 1TRW is NMR structure, so use 1ERT",0.05,298 K,2.0-7.0,,R,0,https://doi.org/10.1142/S2737416525500164,"NMR, mostly"
1ERT,A,26,ASP,9.9,"Reduced pKa from Qin1996; 1ERT is X-RAY structure in REDUCED form, 1TRW is NMR structure, so use 1ERT",0.1,298 K,1.9-10.0,100 mM,R,0,https://doi.org/10.1142/S2737416525500164,"NMR, mostly"
1ERT,A,32,CYS,6.3,Reduced pKa from Forman1992,0.1,313 K,2.1-10.6,75-100 mM,R,0,https://doi.org/10.1142/S2737416525500164,"NMR, mostly"
1ERT,A,43,HIS,5.5,Reduced pKa from Forman1992,0.1,313 K,2.1-10.6,75-100 mM,R,0,https://doi.org/10.1142/S2737416525500164,"NMR, mostly"
1ERT,A,47,GLU,4.1,"Reduced pKa from Qin1996; 1ERT is X-RAY structure in REDUCED form, 1TRW is NMR structure, so use 1ERT",0.1,298 K,1.9-10.0,100 mM,R,0,https://doi.org/10.1142/S2737416525500164,"NMR, mostly"
1ERT,A,58,ASP,2.8,"Reduced pKa from Qin1996; Forman1992 & Qin1996 are from the same lab (Gronenborn), Forman1992 used 2D 1H and 15N NMR, Qin1996 used triple-resonance NMR ->> when there is pKa in the later paper, use the later pKa value in Qin1996; 1ERT is X-RAY structure in REDUCED form, 1TRW is NMR structure, so use 1ERT",0.1,,,,R,0,https://doi.org/10.1142/S2737416525500164,"NMR, mostly"
1ERT,A,60,ASP,4.2,Reduced Recombinant form of the thioredoxin from Qin1996,0.2,,,,R,0,https://doi.org/10.1142/S2737416525500164,"NMR, mostly"
1ERT,A,61,ASP,5.3,Reduced Recombinant form of the thioredoxin from Qin1996,0.3,,,,R,0,https://doi.org/10.1142/S2737416525500164,"NMR, mostly"
1ERT,A,64,ASP,3.2,"Reduced pKa from Qin1996; Forman1992 & Qin1996 are from the same lab (Gronenborn), Forman1992 used 2D 1H and 15N NMR, Qin1996 used triple-resonance NMR ->> when there is pKa in the later paper, use the later pKa value in Qin1996; 1ERT is X-RAY structure in REDUCED form, 1TRW is NMR structure, so use 1ERT",0.06,298 K,2.0-7.0,,R,0,https://doi.org/10.1142/S2737416525500164,"NMR, mostly"
1ERT,A,68,GLU,4.9,"Reduced pKa from Qin1996; 1ERT is X-RAY structure in REDUCED form, 1TRW is NMR structure, so use 1ERT",0.07,298 K,1.9-10.0,100 mM,R,0,https://doi.org/10.1142/S2737416525500164,"NMR, mostly"
1ERT,A,70,GLU,4.6,"Reduced pKa from Qin1996; 1ERT is X-RAY structure in REDUCED form, 1TRW is NMR structure, so use 1ERT",0.08,298 K,1.9-10.0,100 mM,R,0,https://doi.org/10.1142/S2737416525500164,"NMR, mostly"
1ERT,A,88,GLU,3.7,"Reduced pKa from Qin1996; 1ERT is X-RAY structure in REDUCED form, 1TRW is NMR structure, so use 1ERT",0.08,298 K,1.9-10.0,100 mM,R,0,https://doi.org/10.1142/S2737416525500164,"NMR, mostly"
1ERT,A,95,GLU,4.1,"Reduced pKa from Qin1996; 1ERT is X-RAY structure in REDUCED form, 1TRW is NMR structure, so use 1ERT",0.02,298 K,1.9-10.0,100 mM,R,0,https://doi.org/10.1142/S2737416525500164,"NMR, mostly"
1ERT,A,98,GLU,3.9,"Reduced pKa from Qin1996; 1ERT is X-RAY structure in REDUCED form, 1TRW is NMR structure, so use 1ERT",0.02,298 K,1.9-10.0,100 mM,R,0,https://doi.org/10.1142/S2737416525500164,"NMR, mostly"
1ERT,A,103,GLU,4.4,"Reduced pKa from Qin1996; 1ERT is X-RAY structure in REDUCED form, 1TRW is NMR structure, so use 1ERT",0.07,298 K,1.9-10.0,101 mM,R,0,https://doi.org/10.1142/S2737416525500164,"NMR, mostly"
1ERT,A,105,C-term,3.2,Reduced pKa from Forman1992,0.1,313 K,2.1-10.6,75-100 mM,R,0,https://doi.org/10.1142/S2737416525500164,"NMR, mostly"
1EX3,A,102,ASP,1.36,,0.03,298 K,,,R,0,https://doi.org/10.1142/S2737416525500164,"NMR, mostly"
1EX3,A,194,ASP,2.29,,0.06,298 K,,,R,0,https://doi.org/10.1142/S2737416525500164,"NMR, mostly"
1FEZ,A,53,LYS,9.3,,,303 K,8.5-10.0,10 mM,R,0,https://doi.org/10.1142/S2737416525500164,"NMR, mostly"
1FKS,A,87,HIS,6.51,,0.01,298 K,4.6-10.7,0.1 M,R,0,https://doi.org/10.1142/S2737416525500164,"NMR, mostly"
1FKS,A,94,HIS,5.84,,0.02,298 K,4.6-10.7,0.1 M,R,0,https://doi.org/10.1142/S2737416525500164,"NMR, mostly"
1FMH,A,1,GLU,4.14,1FMH & 1U2U are two very similar designed leucine zippers from the same lab; two sets of pKas are also similar; should use only one set of them,0.02,310 K,1.2-8.0,0.1 M,R,0,https://doi.org/10.1142/S2737416525500164,"NMR, mostly"
1FMH,A,6,GLU,4.82,1FMH & 1U2U are two very similar designed leucine zippers from the same lab; two sets of pKas are also similar; should use only one set of them,0.07,310 K,1.2-8.0,0.1 M,R,0,https://doi.org/10.1142/S2737416525500164,"NMR, mostly"
1FMH,A,8,GLU,4.52,1FMH & 1U2U are two very similar designed leucine zippers from the same lab; two sets of pKas are also similar; should use only one set of them,0.01,310 K,1.2-8.0,0.1 M,R,0,https://doi.org/10.1142/S2737416525500164,"NMR, mostly"
1FMH,A,13,GLU,4.37,1FMH & 1U2U are two very similar designed leucine zippers from the same lab; two sets of pKas are also similar; should use only one set of them,0.03,310 K,1.2-8.0,0.1 M,R,0,https://doi.org/10.1142/S2737416525500164,"NMR, mostly"
1FMH,A,15,GLU,4.11,1FMH & 1U2U are two very similar designed leucine zippers from the same lab; two sets of pKas are also similar; should use only one set of them,0.02,310 K,1.2-8.0,0.1 M,R,0,https://doi.org/10.1142/S2737416525500164,"NMR, mostly"
1FMH,A,20,GLU,4.41,1FMH & 1U2U are two very similar designed leucine zippers from the same lab; two sets of pKas are also similar; should use only one set of them,0.07,310 K,1.2-8.0,0.1 M,R,0,https://doi.org/10.1142/S2737416525500164,"NMR, mostly"
1FMH,A,22,GLU,4.82,1FMH & 1U2U are two very similar designed leucine zippers from the same lab; two sets of pKas are also similar; should use only one set of them,0.03,310 K,1.2-8.0,0.1 M,R,0,https://doi.org/10.1142/S2737416525500164,"NMR, mostly"
1FMH,A,27,GLU,4.65,1FMH & 1U2U are two very similar designed leucine zippers from the same lab; two sets of pKas are also similar; should use only one set of them,0.04,310 K,1.2-8.0,0.1 M,R,0,https://doi.org/10.1142/S2737416525500164,"NMR, mostly"
1FMH,A,29,GLU,4.63,1FMH & 1U2U are two very similar designed leucine zippers from the same lab; two sets of pKas are also similar; should use only one set of them,0.03,310 K,1.2-8.0,0.1 M,R,0,https://doi.org/10.1142/S2737416525500164,"NMR, mostly"
1FMH,B,1,GLU,4.22,1FMH & 1U2U are two very similar designed leucine zippers from the same lab; two sets of pKas are also similar; should use only one set of them,0.02,310 K,1.2-8.0,0.1 M,R,0,https://doi.org/10.1142/S2737416525500164,"NMR, mostly"
1FNA,A,38,GLU,3.8,,<0.05,303 K,1.5-7.0,0.1 M,R,0,https://doi.org/10.1142/S2737416525500164,"NMR, mostly"
1FNA,A,47,GLU,3.9,,<0.05,303 K,1.5-7.0,0.1 M,R,0,https://doi.org/10.1142/S2737416525500164,"NMR, mostly"
1FNA,A,67,ASP,4.2,,<0.05,303 K,1.5-7.0,0.1 M,R,0,https://doi.org/10.1142/S2737416525500164,"NMR, mostly"
1FNA,A,80,ASP,3.4,,<0.05,303 K,1.5-7.0,0.1 M,R,0,https://doi.org/10.1142/S2737416525500164,"NMR, mostly"
1FOV,A,11,CYS,4.1,"This construct is a representative of the wild type, since the C65Y mutation is far from the -C-X-X-C- motif.",,,,,R,0,https://doi.org/10.1142/S2737416525500164,"NMR, mostly"
1GS9,A,69,LYS,10.4,,0.1,310 K,5.5-12.5,150 mM,R,0,https://doi.org/10.1142/S2737416525500164,"NMR, mostly"
1GS9,A,72,LYS,10.0,,0.1,310 K,5.5-12.5,150 mM,R,0,https://doi.org/10.1142/S2737416525500164,"NMR, mostly"
1GS9,A,75,LYS,10.1,,0.1,310 K,5.5-12.5,150 mM,R,0,https://doi.org/10.1142/S2737416525500164,"NMR, mostly"
1GS9,A,95,LYS,10.1,,0.1,310 K,5.5-12.5,150 mM,R,0,https://doi.org/10.1142/S2737416525500164,"NMR, mostly"
1GS9,A,143,LYS,9.5,,0.1,310 K,5.5-12.5,150 mM,R,0,https://doi.org/10.1142/S2737416525500164,"NMR, mostly"
1GS9,A,146,LYS,9.2,,0.1,310 K,5.5-12.5,150 mM,R,0,https://doi.org/10.1142/S2737416525500164,"NMR, mostly"
1GS9,A,157,LYS,11.1,,0.1,310 K,5.5-12.5,150 mM,R,0,https://doi.org/10.1142/S2737416525500164,"NMR, mostly"
1GYM,A,32,HIS,7.6,,,298 K,4.0-9.0,,R,0,https://doi.org/10.1142/S2737416525500164,"NMR, mostly"
1GYM,A,82,HIS,6.9,,,298 K,4.0-9.0,,R,0,https://doi.org/10.1142/S2737416525500164,"NMR, mostly"
1GYM,A,92,HIS,5.4,,,298 K,4.0-9.0,,R,0,https://doi.org/10.1142/S2737416525500164,"NMR, mostly"
1GYM,A,227,HIS,6.9,,,298 K,4.0-9.0,,R,0,https://doi.org/10.1142/S2737416525500164,"NMR, mostly"
1HIC,A,5,ASP,4.25,,0.09,295 K,2.0-6.5,,R,0,https://doi.org/10.1142/S2737416525500164,"NMR, mostly"
1HIC,A,8,GLU,4.28,,0.17,295 K,2.0-6.5,,R,0,https://doi.org/10.1142/S2737416525500164,"NMR, mostly"
1HIC,A,17,GLU,3.79,,0.17,295 K,2.0-6.5,,R,0,https://doi.org/10.1142/S2737416525500164,"NMR, mostly"
1HIC,A,33,ASP,4.24,,0.17,295 K,2.0-6.5,,R,0,https://doi.org/10.1142/S2737416525500164,"NMR, mostly"
1HIC,A,35,GLU,4.32,,0.12,295 K,2.0-6.5,,R,0,https://doi.org/10.1142/S2737416525500164,"NMR, mostly"
1HIC,A,43,GLU,4.24,,0.07,295 K,2.0-6.5,,R,0,https://doi.org/10.1142/S2737416525500164,"NMR, mostly"
1HRC,A,18,HIS,2.5,,,303 K,3.0-11.0,0.1 M,R,0,https://doi.org/10.1142/S2737416525500164,"NMR, mostly"
1HRC,A,33,HIS,6.4,,,303 K,3.0-11.0,0.1 M,R,0,https://doi.org/10.1142/S2737416525500164,"NMR, mostly"
1HRC,A,67,TYR,11.0,,,303 K,3.0-11.0,0.1 M,R,0,https://doi.org/10.1142/S2737416525500164,"NMR, mostly"
1HRC,A,79,LYS,9.0,,,303 K,3.0-11.0,0.1 M,R,0,https://doi.org/10.1142/S2737416525500164,"NMR, mostly"
#1I0E,A,283,CYS,5.6,,0.05,303 K,,30 mM,R,0,https://doi.org/10.1142/S2737416525500164,"NMR, mostly"
1I7K,A,102,CYS,10.9,,0.2,303 K,6.0-12.0,,R,0,https://doi.org/10.1142/S2737416525500164,"NMR, mostly"
1IGD,A,20,GLU,4.3,,0.1,298 K,1.5-11.6,,R,0,https://doi.org/10.1142/S2737416525500164,"NMR, mostly"
1IGD,A,24,LYS,10.7,,0.1,298 K,1.5-11.6,,R,0,https://doi.org/10.1142/S2737416525500164,"NMR, mostly"
1IGD,A,27,ASP,2.9,,0.1,298 K,1.5-11.6,,R,0,https://doi.org/10.1142/S2737416525500164,"NMR, mostly"
1IGD,A,29,GLU,4.2,,0.1,298 K,1.5-11.6,,R,0,https://doi.org/10.1142/S2737416525500164,"NMR, mostly"
1IGD,A,32,GLU,4.6,,0.1,298 K,1.5-11.6,,R,0,https://doi.org/10.1142/S2737416525500164,"NMR, mostly"
1IGD,A,41,ASP,3.9,,0.1,298 K,1.5-11.6,,R,0,https://doi.org/10.1142/S2737416525500164,"NMR, mostly"
1IGD,A,45,ASP,4.4,,0.1,298 K,1.5-11.6,,R,0,https://doi.org/10.1142/S2737416525500164,"NMR, mostly"
1IGD,A,51,ASP,3.6,,0.1,298 K,1.5-11.6,,R,0,https://doi.org/10.1142/S2737416525500164,"NMR, mostly"
1IGD,A,52,ASP,3.4,,0.1,298 K,1.5-11.6,,R,0,https://doi.org/10.1142/S2737416525500164,"NMR, mostly"
1IGD,A,61,GLU,4.2,,0.1,298 K,1.5-11.6,,R,0,https://doi.org/10.1142/S2737416525500164,"NMR, mostly"
1JAS,A,88,CYS,10.2,,0.2,303 K,6.0-12.0,30 mM,R,0,https://doi.org/10.1142/S2737416525500164,"NMR, mostly"
1JBB,A,87,CYS,11.1,,0.1,303 K,6.0-12.0,30 mM,R,0,https://doi.org/10.1142/S2737416525500164,"NMR, mostly"
1JHB,A,23,CYS,3.6,"This construct may be considered representative of the wild type, since the 3 mutated cysteines are far from the active site. The KPTC motif is resid 20-23 in PDB, but 19-22 in pKa paper.",,,,,R,0,https://doi.org/10.1142/S2737416525500164,"NMR, mostly"
1KTE,A,22,CYS,3.8,,,,,,R,0,https://doi.org/10.1142/S2737416525500164,"NMR, mostly"
#1KVR,A,149,TYR,6.71,,0.06,300 K,5.5-10.5,600 mM,R,0,https://doi.org/10.1142/S2737416525500164,"NMR, mostly"
1KXI,A,4,HIS,5.6,,,293 K,2.5-7.0,,R,0,https://doi.org/10.1142/S2737416525500164,"NMR, mostly"
1KXI,A,17,GLU,4.0,,,293 K,2.5-7.0,,R,0,https://doi.org/10.1142/S2737416525500164,"NMR, mostly"
1KXI,A,42,ASP,3.2,,,293 K,2.5-7.0,,R,0,https://doi.org/10.1142/S2737416525500164,"NMR, mostly"
1KXI,A,59,ASP,2.3,,,293 K,2.5-7.0,,R,0,https://doi.org/10.1142/S2737416525500164,"NMR, mostly"
1L54,A,102,LYS,6.5,"1L54: mutated, M102K (CYS-54-THR,CYS-97-ALA)",,298 K,2.2-9.0,0.1 M,R,0,https://doi.org/10.1142/S2737416525500164,"NMR, mostly"
1L98,A,105,GLU,6.0,,,293 K,4.8-7.5,0.1 M,R,0,https://doi.org/10.1142/S2737416525500164,"NMR, mostly"
1LJU,A,10,CYS,6.8,,,,,,R,0,https://doi.org/10.1142/S2737416525500164,"NMR, mostly"
1LNI,A,1,ASP,3.44,,0.02-0.07,293 K,1.68-8.83,0.1 M,R,0,https://doi.org/10.1142/S2737416525500164,"NMR, mostly"
1LNI,A,1,N-term,9.14,,0.02-0.07,293 K,1.68-8.83,0.1 M,R,0,https://doi.org/10.1142/S2737416525500164,"NMR, mostly"
1LNI,A,14,GLU,5.02,,0.02-0.07,293 K,1.68-8.83,0.1 M,R,0,https://doi.org/10.1142/S2737416525500164,"NMR, mostly"
1LNI,A,17,ASP,3.72,,0.02-0.07,293 K,1.68-8.83,0.1 M,R,0,https://doi.org/10.1142/S2737416525500164,"NMR, mostly"
1LNI,A,25,ASP,4.87,,0.02-0.07,293 K,1.68-8.83,0.1 M,R,0,https://doi.org/10.1142/S2737416525500164,"NMR, mostly"
1LNI,A,30,TYR,11.3,,0.02-0.07,293 K,1.78-7.25,0.1 M,R,0,https://doi.org/10.1142/S2737416525500164,"NMR, mostly"
1LNI,A,33,ASP,2.39,,0.02-0.07,293 K,1.68-8.83,0.1 M,R,0,https://doi.org/10.1142/S2737416525500164,"NMR, mostly"
1LNI,A,41,GLU,4.14,,0.02-0.07,293 K,1.68-8.83,0.1 M,R,0,https://doi.org/10.1142/S2737416525500164,"NMR, mostly"
1LNI,A,49,TYR,10.6,,0.02-0.07,293 K,1.78-7.25,0.1 M,R,0,https://doi.org/10.1142/S2737416525500164,"NMR, mostly"
1LNI,A,53,HIS,8.27,,0.02-0.07,293 K,1.68-8.83,0.1 M,R,0,https://doi.org/10.1142/S2737416525500164,"NMR, mostly"
1LNI,A,54,GLU,3.42,,0.02-0.07,293 K,1.78-7.25,0.1 M,R,0,https://doi.org/10.1142/S2737416525500164,"NMR, mostly"
1LNI,A,74,GLU,3.47,,0.02-0.07,293 K,1.68-8.83,0.1 M,R,0,https://doi.org/10.1142/S2737416525500164,"NMR, mostly"
1LNI,A,78,GLU,3.13,,0.02-0.07,293 K,1.68-8.83,0.1 M,R,0,https://doi.org/10.1142/S2737416525500164,"NMR, mostly"
1LNI,A,79,ASP,7.37,,0.02-0.07,293 K,1.68-8.83,0.1 M,R,0,https://doi.org/10.1142/S2737416525500164,"NMR, mostly"
1LNI,A,84,ASP,3.01,,0.02-0.07,293 K,1.68-8.83,0.1 M,R,0,https://doi.org/10.1142/S2737416525500164,"NMR, mostly"
1LNI,A,85,HIS,6.35,,0.02-0.07,293 K,1.68-8.83,0.1 M,R,0,https://doi.org/10.1142/S2737416525500164,"NMR, mostly"
1LNI,A,93,ASP,3.09,,0.02-0.07,293 K,1.68-8.83,0.1 M,R,0,https://doi.org/10.1142/S2737416525500164,"NMR, mostly"
1LNI,A,96,C-term,2.42,,0.02-0.07,293 K,1.68-8.83,0.1 M,R,0,https://doi.org/10.1142/S2737416525500164,"NMR, mostly"
1LZ1,A,78,HIS,7.12,,0.04,296 K,,0.022 M,R,0,https://doi.org/10.1142/S2737416525500164,"NMR, mostly"
1MBC,A,97,HIS,5.6,"50 mM, 308 K; Carbon monoxy myoglobin (MbCO), from Bashford1993",0.05-0.4,308 K,4.2-8.80,50 mM,R,0,https://doi.org/10.1142/S2737416525500164,"NMR, mostly"
1MEK,A,36,CYS,4.5,,0.04,298 K,3.5-7.5,0.1 M,R,0,https://doi.org/10.1142/S2737416525500164,"NMR, mostly"
1MUT,A,39,LYS,8.4,,0.4,296 K,5.5-10.5,,R,0,https://doi.org/10.1142/S2737416525500164,"NMR, mostly"
1NLX,A,407,GLU,4.25,,,298K,2.2-8.5,10mM,R,0,https://doi.org/10.1142/S2737416525500164,"NMR, mostly"
1NLX,A,408,GLU,3.19,,,298K,2.2-8.5,10mM,R,0,https://doi.org/10.1142/S2737416525500164,"NMR, mostly"
1NLX,A,413,GLU,3.8,,,298K,2.2-8.5,10mM,R,0,https://doi.org/10.1142/S2737416525500164,"NMR, mostly"
1NLX,A,414,ASP,3.5,,,298K,2.2-8.5,10mM,R,0,https://doi.org/10.1142/S2737416525500164,"NMR, mostly"
1NLX,A,433,ASP,3.38,,,298K,2.2-8.5,10mM,R,0,https://doi.org/10.1142/S2737416525500164,"NMR, mostly"
1NLX,A,439,GLU,4.84,,,298K,2.2-8.5,10mM,R,0,https://doi.org/10.1142/S2737416525500164,"NMR, mostly"
1NLX,A,452,ASP,2.4,,,298K,2.2-8.5,10mM,R,0,https://doi.org/10.1142/S2737416525500164,"NMR, mostly"
1NLX,A,465,ASP,4.8,,,298K,2.2-8.5,10mM,R,0,https://doi.org/10.1142/S2737416525500164,"NMR, mostly"
1NLX,A,466,GLU,4.06,,,298K,2.2-8.5,10mM,R,0,https://doi.org/10.1142/S2737416525500164,"NMR, mostly"
1NLX,A,476,ASP,3.5,,,298K,2.2-8.5,10mM,R,0,https://doi.org/10.1142/S2737416525500164,"NMR, mostly"
1NLX,A,477,HIS,7.4,,,298K,2.2-8.5,10mM,R,0,https://doi.org/10.1142/S2737416525500164,"NMR, mostly"
1NLX,A,481,GLU,3.52,,,298K,2.2-8.5,10mM,R,0,https://doi.org/10.1142/S2737416525500164,"NMR, mostly"
1NLX,A,482,ASP,3.06,,,298K,2.2-8.5,10mM,R,0,https://doi.org/10.1142/S2737416525500164,"NMR, mostly"
1NLX,A,485,GLU,4.59,,,298K,2.2-8.5,10mM,R,0,https://doi.org/10.1142/S2737416525500164,"NMR, mostly"
1NLX,A,490,HIS,7.3,,,298K,2.2-8.5,10mM,R,0,https://doi.org/10.1142/S2737416525500164,"NMR, mostly"
1NLX,A,493,GLU,4.21,,,298K,2.2-8.5,10mM,R,0,https://doi.org/10.1142/S2737416525500164,"NMR, mostly"
1NLX,A,503,GLU,3.65,,,298K,2.2-8.5,10mM,R,0,https://doi.org/10.1142/S2737416525500164,"NMR, mostly"
1NLX,A,505,HIS,6.5,,,298K,2.2-8.5,10mM,R,0,https://doi.org/10.1142/S2737416525500164,"NMR, mostly"
1O73,A,40,CYS,7.2,,,,,,R,0,https://doi.org/10.1142/S2737416525500164,"NMR, mostly"
#1P5F,A,106,CYS,5.4,,0.1,303 K,,0.2 M,R,0,https://doi.org/10.1142/S2737416525500164,"NMR, mostly"
1PGB,A,15,GLU,4.4,,0.1,298 K,1.5-11.6,,R,0,https://doi.org/10.1142/S2737416525500164,"NMR, mostly"
1PGB,A,19,GLU,3.7,,0.15,298 K,1.5-11.6,,R,0,https://doi.org/10.1142/S2737416525500164,"NMR, mostly"
1PGB,A,22,ASP,2.9,,0.1,298 K,1.5-11.6,,R,0,https://doi.org/10.1142/S2737416525500164,"NMR, mostly"
1PGB,A,27,GLU,4.5,,0.1,298 K,1.5-11.6,,R,0,https://doi.org/10.1142/S2737416525500164,"NMR, mostly"
1PGB,A,28,LYS,10.9,,,298 K,1.5-11.6,,R,0,https://doi.org/10.1142/S2737416525500164,"NMR, mostly"
1PGB,A,36,ASP,3.8,,0.1,298 K,1.5-11.6,,R,0,https://doi.org/10.1142/S2737416525500164,"NMR, mostly"
1PGB,A,40,ASP,4.0,,0.2,298 K,1.5-11.6,,R,0,https://doi.org/10.1142/S2737416525500164,"NMR, mostly"
1PGB,A,42,GLU,4.4,,0.1,298 K,1.5-11.6,,R,0,https://doi.org/10.1142/S2737416525500164,"NMR, mostly"
1PGB,A,46,ASP,3.6,,0.1,298 K,1.5-11.6,,R,0,https://doi.org/10.1142/S2737416525500164,"NMR, mostly"
1PGB,A,47,ASP,3.4,,0.3,298 K,1.5-11.6,,R,0,https://doi.org/10.1142/S2737416525500164,"NMR, mostly"
1PGB,A,56,GLU,4.0,,0.1,298 K,1.5-11.6,,R,0,https://doi.org/10.1142/S2737416525500164,"NMR, mostly"
1POH,A,76,HIS,6.0,,,308 K,4.2-11.0,,R,0,https://doi.org/10.1142/S2737416525500164,"NMR, mostly"
#1PPF,B,7,ASP,2.67,,0.06,298 K,7.3-7.6,10 mM,R,0,https://doi.org/10.1142/S2737416525500164,"NMR, mostly"
#1PPF,B,10,GLU,4.14,,0.06,298 K,7.3-7.6,10 mM,R,0,https://doi.org/10.1142/S2737416525500164,"NMR, mostly"
#1PPF,B,11,TYR,10.16,,0.05,298 K,5.0-12.7,0.015 M,R,0,https://doi.org/10.1142/S2737416525500164,"NMR, mostly"
#1PPF,B,13,LYS,9.87,,0.04,298 K,5.0-13.0,0.5 M,R,0,https://doi.org/10.1142/S2737416525500164,"NMR, mostly"
#1PPF,B,19,GLU,3.21,,0.02,298 K,7.3-7.6,10 mM,R,0,https://doi.org/10.1142/S2737416525500164,"NMR, mostly"
#1PPF,B,20,TYR,11.07,,0.11,298 K,5.0-12.7,0.015 M,R,0,https://doi.org/10.1142/S2737416525500164,"NMR, mostly"
#1PPF,B,27,ASP,2.3,,0.06,298 K,7.3-7.6,10 mM,R,0,https://doi.org/10.1142/S2737416525500164,"NMR, mostly"
#1PPF,B,29,LYS,11.12,,0.02-0.07,298 K,5.0-13.0,0.015 M,R,0,https://doi.org/10.1142/S2737416525500164,"NMR, mostly"
#1PPF,B,34,LYS,10.13,,0.05,298 K,5.0-13.0,0.015 M,R,0,https://doi.org/10.1142/S2737416525500164,"NMR, mostly"
#1PPF,B,43,GLU,4.81,,0.1,298 K,7.3-7.6,10 mM,R,0,https://doi.org/10.1142/S2737416525500164,"NMR, mostly"
#1PPF,B,52,HIS,7.5,,,298 K,5.0-13.0,0.015 M,R,0,https://doi.org/10.1142/S2737416525500164,"NMR, mostly"
#1PPF,B,55,LYS,11.1,,0.06,298 K,5.0-13.0,0.015 M,R,0,https://doi.org/10.1142/S2737416525500164,"NMR, mostly"
#1PPN,A,25,CYS,3.32,,,98 K,,0.1 M,R,0,https://doi.org/10.1142/S2737416525500164,"NMR, mostly"
1PPO,A,25,CYS,2.88,,0.02,298 K,,0.1 M,R,0,https://doi.org/10.1142/S2737416525500164,"NMR, mostly"
1PRW,A,13,LYS,10.09,Ca2+ loaded form,0.1,298 K,2.0-12.0,,R,0,https://doi.org/10.1142/S2737416525500164,"NMR, mostly"
1PRW,A,21,LYS,9.88,Ca2+ loaded form,0.1,298 K,2.0-12.0,,R,0,https://doi.org/10.1142/S2737416525500164,"NMR, mostly"
1PRW,A,30,LYS,9.84,Ca2+ loaded form,0.1,298 K,2.0-12.0,,R,0,https://doi.org/10.1142/S2737416525500164,"NMR, mostly"
1PRW,A,75,LYS,9.29,Ca2+ loaded form,0.1,298 K,2.0-12.0,,R,0,https://doi.org/10.1142/S2737416525500164,"NMR, mostly"
1PRW,A,77,LYS,10.23,Ca2+ loaded form,0.1,298 K,2.0-12.0,,R,0,https://doi.org/10.1142/S2737416525500164,"NMR, mostly"
1PRW,A,94,LYS,9.65,Ca2+ loaded form,0.1,298 K,2.0-12.0,,R,0,https://doi.org/10.1142/S2737416525500164,"NMR, mostly"
1PRW,A,148,LYS,10.0,Ca2+ loaded form,0.1,298 K,2.0-12.0,,R,0,https://doi.org/10.1142/S2737416525500164,"NMR, mostly"
1QH7,A,5,ASP,3.84,,0.02,303 K,3.2-8.7,1 M,R,0,https://doi.org/10.1142/S2737416525500164,"NMR, mostly"
1QH7,A,11,HIS,6.52,,0.26,303 K,3.2-8.7,1 M,R,0,https://doi.org/10.1142/S2737416525500164,"NMR, mostly"
1QH7,A,12,ASP,3.94,,0.14,303 K,3.2-8.7,1 M,R,0,https://doi.org/10.1142/S2737416525500164,"NMR, mostly"
1QH7,A,15,ASP,3.35,,0.14,303 K,3.2-8.7,1 M,R,0,https://doi.org/10.1142/S2737416525500164,"NMR, mostly"
1QH7,A,17,GLU,4.31,,0.07,303 K,3.2-8.7,1 M,R,0,https://doi.org/10.1142/S2737416525500164,"NMR, mostly"
1QH7,A,21,ASP,3.46,,0.13,303 K,3.2-8.7,1 M,R,0,https://doi.org/10.1142/S2737416525500164,"NMR, mostly"
1QH7,A,32,HIS,6.68,,0.03,303 K,3.2-8.7,1 M,R,0,https://doi.org/10.1142/S2737416525500164,"NMR, mostly"
1QH7,A,56,GLU,4.55,,0.02,303 K,3.2-8.7,1 M,R,0,https://doi.org/10.1142/S2737416525500164,"NMR, mostly"
1QH7,A,60,HIS,4.01,,0.02,303 K,3.2-8.7,1 M,R,0,https://doi.org/10.1142/S2737416525500164,"NMR, mostly"
1QH7,A,90,ASP,3.88,,0.07,303 K,3.2-8.7,1 M,R,0,https://doi.org/10.1142/S2737416525500164,"NMR, mostly"
1QH7,A,94,GLU,3.94,,0.04,303 K,3.2-8.7,1 M,R,0,https://doi.org/10.1142/S2737416525500164,"NMR, mostly"
1QH7,A,126,GLU,4.51,,0.02,303 K,3.2-8.7,1 M,R,0,https://doi.org/10.1142/S2737416525500164,"NMR, mostly"
1QH7,A,167,GLU,3.58,,0.13,303 K,3.2-8.7,1 M,R,0,https://doi.org/10.1142/S2737416525500164,"NMR, mostly"
1QH7,A,178,GLU,4.1,,0.2,303 K,3.2-8.7,1 M,R,0,https://doi.org/10.1142/S2737416525500164,"NMR, mostly"
1QH7,A,184,GLU,6.5,,0.2,303 K,3.2-8.7,1 M,R,0,https://doi.org/10.1142/S2737416525500164,"NMR, mostly"
1QH7,A,207,C-term,3.9,,0.1,303 K,3.2-8.7,1 M,R,0,https://doi.org/10.1142/S2737416525500164,"NMR, mostly"
1QK1,A,278,CYS,5.6,,0.1,…,…,…,R,0,https://doi.org/10.1142/S2737416525500164,"NMR, mostly"
1QLP,A,232,CYS,6.86,,0.05,298 K,5.0-10.0,100 mM,R,0,https://doi.org/10.1142/S2737416525500164,"NMR, mostly"
1QT8,A,5,GLU,3.7,"1QT8:T26H,only has chainA",0.1,298K,1.8-9.8,130mM,R,0,https://doi.org/10.1142/S2737416525500164,"NMR, mostly"
1QT8,A,11,GLU,4.7,"1QT8:T26H,only has chainA",0.1,298K,1.8-9.8,130mM,R,0,https://doi.org/10.1142/S2737416525500164,"NMR, mostly"
1QT8,A,22,GLU,4.3,"1QT8:T26H,only has chainA",0.1,298K,1.8-9.8,130mM,R,0,https://doi.org/10.1142/S2737416525500164,"NMR, mostly"
1QT8,A,26,HIS,6.8,"1QT8:T26H,only has chainA",0.1,298K,,130mM,R,0,https://doi.org/10.1142/S2737416525500164,"NMR, mostly"
1QT8,A,31,HIS,8.9,"1QT8:T26H,only has chainA",0.1,298K,,130mM,R,0,https://doi.org/10.1142/S2737416525500164,"NMR, mostly"
1QT8,A,45,GLU,3.8,"1QT8:T26H,only has chainA",0.1,298K,1.8-9.8,130mM,R,0,https://doi.org/10.1142/S2737416525500164,"NMR, mostly"
1QT8,A,47,ASP,3.1,"1QT8:T26H,only has chainA",0.1,298K,1.8-7.8,130mM,R,0,https://doi.org/10.1142/S2737416525500164,"NMR, mostly"
1QT8,A,61,ASP,3.6,"1QT8:T26H,only has chainA",0.1,298K,1.8-7.8,130mM,R,0,https://doi.org/10.1142/S2737416525500164,"NMR, mostly"
1QT8,A,62,GLU,2.9,"1QT8:T26H,only has chainA",0.1,298K,1.8-9.8,130mM,R,0,https://doi.org/10.1142/S2737416525500164,"NMR, mostly"
1QT8,A,64,GLU,4.4,"1QT8:T26H,only has chainA",0.1,298K,1.8-9.8,130mM,R,0,https://doi.org/10.1142/S2737416525500164,"NMR, mostly"
1QT8,A,72,ASP,3.3,"1QT8:T26H,only has chainA",0.1,298K,1.8-7.8,130mM,R,0,https://doi.org/10.1142/S2737416525500164,"NMR, mostly"
1QT8,A,89,ASP,4.0,"1QT8:T26H,only has chainA",0.1,298K,1.8-7.8,130mM,R,0,https://doi.org/10.1142/S2737416525500164,"NMR, mostly"
1QT8,A,92,ASP,2.7,"1QT8:T26H,only has chainA",0.1,298K,1.8-7.8,130mM,R,0,https://doi.org/10.1142/S2737416525500164,"NMR, mostly"
1QT8,A,108,GLU,4.2,"1QT8:T26H,only has chainA",0.1,298K,1.8-9.8,130mM,R,0,https://doi.org/10.1142/S2737416525500164,"NMR, mostly"
1QT8,A,127,ASP,3.5,"1QT8:T26H,only has chainA",0.1,298K,1.8-7.8,130mM,R,0,https://doi.org/10.1142/S2737416525500164,"NMR, mostly"
1QT8,A,128,GLU,4.4,"1QT8:T26H,only has chainA",0.1,298K,1.8-9.8,130mM,R,0,https://doi.org/10.1142/S2737416525500164,"NMR, mostly"
1QT8,A,159,ASP,3.4,"1QT8:T26H,only has chainA",0.1,298K,1.8-7.8,130mM,R,0,https://doi.org/10.1142/S2737416525500164,"NMR, mostly"
1ST9,A,73,CYS,8.8,"Reduced state. This is soluble ResA, lacking its single transmembrane segment anchor. Note that the resid in pka paper is 74, it’s the same residue as its alternative entries though resid seems different.",,,,,R,0,https://doi.org/10.1142/S2737416525500164,"NMR, mostly"
1STN,A,8,HIS,6.52,,0.03,298 K,4.0-9.0,0.1 M,R,0,https://doi.org/10.1142/S2737416525500164,"NMR, mostly"
1STN,A,46,HIS,5.86,,0.04,298 K,4.0-9.0,0.1 M,R,0,https://doi.org/10.1142/S2737416525500164,"NMR, mostly"
1STN,A,121,HIS,5.3,,0.06,298 K,4.0-9.0,0.1 M,R,0,https://doi.org/10.1142/S2737416525500164,"NMR, mostly"
1STN,A,124,HIS,5.73,,0.02,298 K,4.0-9.0,0.1 M,R,0,https://doi.org/10.1142/S2737416525500164,"NMR, mostly"
1SU9,A,76,CYS,8.2,"Reduced state. This is soluble ResA, lacking its single transmembrane segment anchor. Note that the resid in pka paper is 77, it’s the same residue as its alternative entries though resid seems different.",,,,,R,0,https://doi.org/10.1142/S2737416525500164,"NMR, mostly"
1THE,A,29,CYS,3.6,,,297 K,3.2-8.4,250 mM,R,0,https://doi.org/10.1142/S2737416525500164,"NMR, mostly"
1THE,A,110,HIS,6.9,,,297 K,3.2-8.4,250 mM,R,0,https://doi.org/10.1142/S2737416525500164,"NMR, mostly"
1THE,A,111,HIS,7.7,,,297 K,3.2-8.4,250 mM,R,0,https://doi.org/10.1142/S2737416525500164,"NMR, mostly"
1THE,A,199,HIS,8.6,,,297 K,3.2-8.4,250 mM,R,0,https://doi.org/10.1142/S2737416525500164,"NMR, mostly"
1U2U,A,28,HIS,6.79,This one only exists in 1U2U. 1FMH & 1U2U are two very similar designed leucine zippers from the same lab; two sets of pKas are also similar; should use only one set of them.,0.01,310 K,2.0-9.0,0.1 M,R,0,https://doi.org/10.1142/S2737416525500164,"NMR, mostly"
1UBQ,A,16,GLU,3.9,,0.1,303 K,1.0-7.0,0.1 M,R,0,https://doi.org/10.1142/S2737416525500164,"NMR, mostly"
1UBQ,A,21,ASP,3.1,,0.1,303 K,1.0-7.0,0.1 M,R,0,https://doi.org/10.1142/S2737416525500164,"NMR, mostly"
1UBQ,A,24,GLU,4.3,,0.1,303 K,1.0-7.0,0.1 M,R,0,https://doi.org/10.1142/S2737416525500164,"NMR, mostly"
1UBQ,A,32,ASP,3.8,,0.1,303 K,1.0-7.0,0.1 M,R,0,https://doi.org/10.1142/S2737416525500164,"NMR, mostly"
1UBQ,A,34,GLU,4.5,,0.1,303 K,1.0-7.0,0.1 M,R,0,https://doi.org/10.1142/S2737416525500164,"NMR, mostly"
1UBQ,A,39,ASP,3.6,,0.1,303 K,1.0-7.0,0.1 M,R,0,https://doi.org/10.1142/S2737416525500164,"NMR, mostly"
1UBQ,A,51,GLU,3.8,,0.1,303 K,1.0-7.0,0.1 M,R,0,https://doi.org/10.1142/S2737416525500164,"NMR, mostly"
1UBQ,A,52,ASP,3.4,,0.1,303 K,1.0-7.0,0.1 M,R,0,https://doi.org/10.1142/S2737416525500164,"NMR, mostly"
1UBQ,A,58,ASP,3.6,,0.1,303 K,1.0-7.0,0.1 M,R,0,https://doi.org/10.1142/S2737416525500164,"NMR, mostly"
1UBQ,A,64,GLU,4.5,,0.1,303 K,1.0-7.0,0.1 M,R,0,https://doi.org/10.1142/S2737416525500164,"NMR, mostly"
1UBQ,A,76,C-term,3.3,,0.1,303 K,1.0-7.0,0.1 M,R,0,https://doi.org/10.1142/S2737416525500164,"NMR, mostly"
#1V57,A,109,CYS,3.5,,,,,,R,0,https://doi.org/10.1142/S2737416525500164,"NMR, mostly"
1VII,A,44,ASP,3.04,Alternative PDB: 1YRF: N68H,0.12,298K,2.0-7.0,0M,R,0,https://doi.org/10.1142/S2737416525500164,"NMR, mostly"
1VII,A,45,GLU,3.95,Alternative PDB: 1YRF: N68H,0.2,298K,2.0-7.0,0M,R,0,https://doi.org/10.1142/S2737416525500164,"NMR, mostly"
1VII,A,46,ASP,3.44,Alternative PDB: 1YRF: N68H,0.11,298K,2.0-7.0,0M,R,0,https://doi.org/10.1142/S2737416525500164,"NMR, mostly"
1VII,A,72,GLU,4.37,Alternative PDB: 1YRF: N68H,0.03,298K,2.0-7.0,0M,R,0,https://doi.org/10.1142/S2737416525500164,"NMR, mostly"
1VII,A,76,C-term,2.91,,0.08,298K,2.0-7.0,0M,R,0,https://doi.org/10.1142/S2737416525500164,"NMR, mostly"
1XNB,A,4,ASP,3.0,,0.1,298 K,2.0-9.0,25 mM,R,0,https://doi.org/10.1142/S2737416525500164,"NMR, mostly"
1XNB,A,11,ASP,2.5,,0.1,298 K,2.0-9.0,25 mM,R,0,https://doi.org/10.1142/S2737416525500164,"NMR, mostly"
1XNB,A,78,GLU,4.6,,0.1,298 K,2.0-9.0,25 mM,R,0,https://doi.org/10.1142/S2737416525500164,"NMR, mostly"
1XNB,A,106,ASP,2.7,,0.1,298 K,2.0-9.0,25 mM,R,0,https://doi.org/10.1142/S2737416525500164,"NMR, mostly"
1XNB,A,119,ASP,3.2,,0.1,298 K,2.0-9.0,25 mM,R,0,https://doi.org/10.1142/S2737416525500164,"NMR, mostly"
1XNB,A,121,ASP,3.6,,0.1,298 K,2.0-9.0,25 mM,R,0,https://doi.org/10.1142/S2737416525500164,"NMR, mostly"
1XNB,A,172,GLU,7.2,,0.1,298 K,2.0-9.0,25 mM,R,0,https://doi.org/10.1142/S2737416525500164,"NMR, mostly"
1XNB,A,185,C-term,2.7,,0.1,308 K,2.0-9.0,2.5 M,R,0,https://doi.org/10.1142/S2737416525500164,"NMR, mostly"
1XOB,A,32,CYS,7.1,,,,,,R,0,https://doi.org/10.1142/S2737416525500164,"NMR, mostly"
#1XSN,A,259,LYS,10.07,,0.14,298 K,7.0-10.5,100 mM,R,0,https://doi.org/10.1142/S2737416525500164,"NMR, mostly"
#1XSN,A,265,LYS,10.23,,0.14,298 K,7.0-10.5,100 mM,R,0,https://doi.org/10.1142/S2737416525500164,"NMR, mostly"
#1XSN,A,273,LYS,10.07,,0.14,298 K,7.0-10.5,100 mM,R,0,https://doi.org/10.1142/S2737416525500164,"NMR, mostly"
#1XSN,A,281,LYS,10.01,,0.14,298 K,7.0-10.5,100 mM,R,0,https://doi.org/10.1142/S2737416525500164,"NMR, mostly"
#1XSN,A,287,LYS,10.65,,0.14,298 K,7.0-10.5,100 mM,R,0,https://doi.org/10.1142/S2737416525500164,"NMR, mostly"
#1XSN,A,291,LYS,10.26,,0.14,298 K,7.0-10.5,100 mM,R,0,https://doi.org/10.1142/S2737416525500164,"NMR, mostly"
#1XSN,A,307,LYS,10.16,,0.14,298 K,7.0-10.5,100 mM,R,0,https://doi.org/10.1142/S2737416525500164,"NMR, mostly"
#1XSN,A,312,LYS,9.58,,0.14,298 K,7.0-10.5,100 mM,R,0,https://doi.org/10.1142/S2737416525500164,"NMR, mostly"
#1XSN,A,324,LYS,10.27,,0.14,298 K,7.0-10.5,100 mM,R,0,https://doi.org/10.1142/S2737416525500164,"NMR, mostly"
1YMB,A,36,HIS,7.8,"0.2 M, 298 K; Metaquomyoglobin (metMb), from Kao2000",0.02,298 K,5.0-9.0,0.2 M,R,0,https://doi.org/10.1142/S2737416525500164,"NMR, mostly"
1YMB,A,48,HIS,5.62,"0.2 M, 298 K; Metaquomyoglobin (metMb), from Kao2000",0.01,298 K,5.0-9.0,0.2 M,R,0,https://doi.org/10.1142/S2737416525500164,"NMR, mostly"
1YMB,A,81,HIS,6.94,"0.2 M, 298 K; Metaquomyoglobin (metMb), from Kao2000",0.01,298 K,5.0-9.0,0.2 M,R,0,https://doi.org/10.1142/S2737416525500164,"NMR, mostly"
1YMB,A,113,HIS,5.87,"0.2 M, 298 K; Metaquomyoglobin (metMb), from Kao2000",0.02,298 K,5.0-9.0,0.2 M,R,0,https://doi.org/10.1142/S2737416525500164,"NMR, mostly"
1YMB,A,116,HIS,6.79,"0.2 M, 298 K; Metaquomyoglobin (metMb), from Kao2000",0.01,298 K,5.0-9.0,0.2 M,R,0,https://doi.org/10.1142/S2737416525500164,"NMR, mostly"
1YMB,A,119,HIS,6.56,"0.2 M, 298 K; Metaquomyoglobin (metMb), from Kao2000",0.01,298 K,5.0-9.0,0.2 M,R,0,https://doi.org/10.1142/S2737416525500164,"NMR, mostly"
1YPH,B,40,HIS,7.2,,0.03,298 K,,0.5 M,R,0,https://doi.org/10.1142/S2737416525500164,"NMR, mostly"
1YPH,B,57,HIS,6.14,,0.04,298 K,,0.5 M,R,0,https://doi.org/10.1142/S2737416525500164,"NMR, mostly"
1YPH,B,102,ASP,2.77,,0.25,298 K,,0.5 M,R,0,https://doi.org/10.1142/S2737416525500164,"NMR, mostly"
1YPI,A,103,HIS,7.29,,,298 K,4.5-10.0,1 M,R,0,https://doi.org/10.1142/S2737416525500164,"NMR, mostly"
1YPT,A,403,CYS,4.67,,0.15,298 K,4.0-6.5,0.15 M,R,0,https://doi.org/10.1142/S2737416525500164,"NMR, mostly"
2BUS,A,6,ASP,4.0,"18°C; Both 1BUS and 2BUS are SOLUTION NMR structures, 2BUS is slightly better according to wwPDB Validation on RCSB PDB website.",,291 K,3.0-6.0,0.1 M,R,0,https://doi.org/10.1142/S2737416525500164,"NMR, mostly"
2BUS,A,9,GLU,4.3,"18°C; Both 1BUS and 2BUS are SOLUTION NMR structures, 2BUS is slightly better according to wwPDB Validation on RCSB PDB website.",,291 K,3.0-6.0,0.1 M,R,0,https://doi.org/10.1142/S2737416525500164,"NMR, mostly"
2BUS,A,12,ASP,3.6,"18°C; Both 1BUS and 2BUS are SOLUTION NMR structures, 2BUS is slightly better according to wwPDB Validation on RCSB PDB website.",,291 K,3.0-6.0,0.1 M,R,0,https://doi.org/10.1142/S2737416525500164,"NMR, mostly"
2BUS,A,20,GLU,4.1,"18°C; Both 1BUS and 2BUS are SOLUTION NMR structures, 2BUS is slightly better according to wwPDB Validation on RCSB PDB website.",,291 K,3.0-6.0,0.1 M,R,0,https://doi.org/10.1142/S2737416525500164,"NMR, mostly"
2CI2,A,23,GLU,3.2,,,315 K,2.0-5.9,200 mM,R,0,https://doi.org/10.1142/S2737416525500164,"NMR, mostly"
2CI2,A,26,GLU,3.3,,,315 K,2.0-5.9,200 mM,R,0,https://doi.org/10.1142/S2737416525500164,"NMR, mostly"
2CI2,A,33,GLU,4.2,,,315 K,2.0-5.9,200 mM,R,0,https://doi.org/10.1142/S2737416525500164,"NMR, mostly"
2CI2,A,34,GLU,3.8,,,315 K,2.0-5.9,200 mM,R,0,https://doi.org/10.1142/S2737416525500164,"NMR, mostly"
2CI2,A,42,ASP,3.3,,,315 K,2.0-5.9,200 mM,R,0,https://doi.org/10.1142/S2737416525500164,"NMR, mostly"
2CI2,A,45,GLU,3.9,,,315 K,2.0-5.9,200 mM,R,0,https://doi.org/10.1142/S2737416525500164,"NMR, mostly"
2CI2,A,60,GLU,3.5,,,315 K,2.0-5.9,200 mM,R,0,https://doi.org/10.1142/S2737416525500164,"NMR, mostly"
2CI2,A,64,ASP,3.8,,,315 K,2.0-5.9,200 mM,R,0,https://doi.org/10.1142/S2737416525500164,"NMR, mostly"
2CI2,A,71,ASP,2.8,,,315 K,2.0-5.9,200 mM,R,0,https://doi.org/10.1142/S2737416525500164,"NMR, mostly"
2CI2,A,74,ASP,5.0,,,315 K,2.0-5.9,200 mM,R,0,https://doi.org/10.1142/S2737416525500164,"NMR, mostly"
2CPL,A,70,HIS,5.84,,0.05,293 K,4.6-10.7,0.1 M,R,0,https://doi.org/10.1142/S2737416525500164,"NMR, mostly"
2CPL,A,126,HIS,6.34,,0.01,293 K,4.6-10.7,0.1 M,R,0,https://doi.org/10.1142/S2737416525500164,"NMR, mostly"
2FD3,A,32,CYS,6.34,,,,,,R,0,https://doi.org/10.1142/S2737416525500164,"NMR, mostly"
2FWF,A,461,CYS,10.5,"This one is NMR. Reduced state. pKa in isolated C-terminal domain of DsbD; 2FWE: oxidized form, 2FWF: reduced form",,298 K,4 to 12,,R,0,https://doi.org/10.1142/S2737416525500164,"NMR, mostly"
2HNP,A,215,CYS,5.57,,0.12,303 K,4.5-9.0,1 M,R,0,https://doi.org/10.1142/S2737416525500164,"NMR, mostly"
2KIX,A,27,HIS,7.9,,,,,,R,0,https://doi.org/10.1142/S2737416525500164,"NMR, mostly"
2L6X,A,97,ASP,6.43,Lipid: POPC/POPG (80/20); diff salt conc,,,,150mM,R,0,https://doi.org/10.1142/S2737416525500164,"NMR, mostly"
2L90,A,72,CYS,7.2,,0.2,310 K,5.0-10.5,200 mM,R,0,https://doi.org/10.1142/S2737416525500164,"NMR, mostly"
2LZM,A,31,HIS,9.1,,,283 K,0-12,100 mM,R,0,https://doi.org/10.1142/S2737416525500164,"NMR, mostly"
2LZM,A,70,ASP,0.5,,,283 K,0-12,100 mM,R,0,https://doi.org/10.1142/S2737416525500164,"NMR, mostly"
2O89,A,29,CYS,6.4,,,,,,R,0,https://doi.org/10.1142/S2737416525500164,"NMR, mostly"
2OEO,A,92,ASP,7.5,,,,,,R,0,https://doi.org/10.1142/S2737416525500164,"NMR, mostly"
2OXP,A,66,ASP,8.7,,0.03,298 K,6.55-11.35,100 mM,R,0,https://doi.org/10.1142/S2737416525500164,"NMR, mostly"
2PPT,A,73,CYS,5.2,"2PPT is Rhodobacter capsulatus Trx2, diff from pKa's species",,,,,R,0,https://doi.org/10.1142/S2737416525500164,"NMR, mostly"
2RBM,A,72,LYS,8.6,,0.2,298 K,4.0-10.0,,R,0,https://doi.org/10.1142/S2737416525500164,"NMR, mostly"
2RKS,A,38,LYS,10.4,,0.2,298 K,4.0-10.0,,R,0,https://doi.org/10.1142/S2737416525500164,"NMR, mostly"
2RN2,A,6,GLU,4.5,,,300 K,2.0-8.0,0.1 M,R,0,https://doi.org/10.1142/S2737416525500164,"NMR, mostly"
2RN2,A,10,ASP,6.1,,,300 K,2.0-8.0,0.1 M,R,0,https://doi.org/10.1142/S2737416525500164,"NMR, mostly"
2RN2,A,32,GLU,3.6,,,300 K,2.0-8.0,0.1 M,R,0,https://doi.org/10.1142/S2737416525500164,"NMR, mostly"
2RN2,A,48,GLU,4.4,,,300 K,2.0-8.0,0.1 M,R,0,https://doi.org/10.1142/S2737416525500164,"NMR, mostly"
2RN2,A,57,GLU,3.2,,,300 K,2.0-8.0,0.1 M,R,0,https://doi.org/10.1142/S2737416525500164,"NMR, mostly"
2RN2,A,61,GLU,3.9,,,300 K,2.0-8.0,0.1 M,R,0,https://doi.org/10.1142/S2737416525500164,"NMR, mostly"
2RN2,A,62,HIS,7.0,,,300 K,3.5-10.0,0.1 M,R,0,https://doi.org/10.1142/S2737416525500164,"NMR, mostly"
2RN2,A,64,GLU,4.4,,,300 K,2.0-8.0,0.1 M,R,0,https://doi.org/10.1142/S2737416525500164,"NMR, mostly"
2RN2,A,70,ASP,2.6,,,300 K,2.0-8.0,0.1 M,R,0,https://doi.org/10.1142/S2737416525500164,"NMR, mostly"
2RN2,A,94,ASP,3.2,,,300 K,2.0-8.0,0.1 M,R,0,https://doi.org/10.1142/S2737416525500164,"NMR, mostly"
2RN2,A,108,ASP,3.2,,,300 K,2.0-8.0,0.1 M,R,0,https://doi.org/10.1142/S2737416525500164,"NMR, mostly"
2RN2,A,119,GLU,4.1,,,300 K,2.0-8.0,0.1 M,R,0,https://doi.org/10.1142/S2737416525500164,"NMR, mostly"
2RN2,A,124,HIS,7.1,,,300 K,3.5-10.0,0.1 M,R,0,https://doi.org/10.1142/S2737416525500164,"NMR, mostly"
2RN2,A,127,HIS,7.9,,,300 K,3.5-10.0,0.1 M,R,0,https://doi.org/10.1142/S2737416525500164,"NMR, mostly"
2RN2,A,129,GLU,3.6,,,300 K,2.0-8.0,0.1 M,R,0,https://doi.org/10.1142/S2737416525500164,"NMR, mostly"
2RN2,A,131,GLU,4.3,,,300 K,2.0-8.0,0.1 M,R,0,https://doi.org/10.1142/S2737416525500164,"NMR, mostly"
2RN2,A,134,ASP,4.1,,,300 K,2.0-8.0,0.1 M,R,0,https://doi.org/10.1142/S2737416525500164,"NMR, mostly"
2RN2,A,135,GLU,4.3,,,300 K,2.0-8.0,0.1 M,R,0,https://doi.org/10.1142/S2737416525500164,"NMR, mostly"
2RN2,A,147,GLU,4.2,,,300 K,2.0-8.0,0.1 M,R,0,https://doi.org/10.1142/S2737416525500164,"NMR, mostly"
2RN2,A,154,GLU,4.4,,,300 K,2.0-8.0,0.1 M,R,0,https://doi.org/10.1142/S2737416525500164,"NMR, mostly"
2RVQ,A,56,GLU,4.3,,,303 K,4.4-9.1,200 mM,R,0,https://doi.org/10.1142/S2737416525500164,"NMR, mostly"
2RVQ,A,90,ASP,5.3,,,303 K,4.4-9.1,200 mM,R,0,https://doi.org/10.1142/S2737416525500164,"NMR, mostly"
2RVQ,A,92,GLU,4.4,,,303 K,4.4-9.1,200 mM,R,0,https://doi.org/10.1142/S2737416525500164,"NMR, mostly"
2RVQ,B,49,HIS,5.9,,,303 K,4.4-9.1,200 mM,R,0,https://doi.org/10.1142/S2737416525500164,"NMR, mostly"
2RVQ,B,109,HIS,6.5,,,303 K,4.4-9.1,200 mM,R,0,https://doi.org/10.1142/S2737416525500164,"NMR, mostly"
2TGA,A,40,HIS,4.57,,0.02,303 K,3.0-9.0,0.5 M,R,0,https://doi.org/10.1142/S2737416525500164,"NMR, mostly"
2TGA,A,57,HIS,7.33,,0.02,303 K,3.0-9.0,0.5 M,R,0,https://doi.org/10.1142/S2737416525500164,"NMR, mostly"
#2TRX,A,1,N-term,7.4,,,298-308 K,,1 M,R,0,https://doi.org/10.1142/S2737416525500164,"NMR, mostly"
#2TRX,A,6,HIS,6.2,,,298-308 K,,1 M,R,0,https://doi.org/10.1142/S2737416525500164,"NMR, mostly"
#2TRX,A,20,ASP,3.8,,,298-308 K,,1 M,R,0,https://doi.org/10.1142/S2737416525500164,"NMR, mostly"
#2TRX,A,26,ASP,7.5,,,298-308 K,,1 M,R,0,https://doi.org/10.1142/S2737416525500164,"NMR, mostly"
#2TRX,A,32,CYS,7.1,,,298-308 K,,1 M,R,0,https://doi.org/10.1142/S2737416525500164,"NMR, mostly"
#2TRX,A,35,CYS,9.9,,,298-308 K,,1 M,R,0,https://doi.org/10.1142/S2737416525500164,"NMR, mostly"
2V8N,A,325,GLU,10.5,,,,,,R,0,https://doi.org/10.1142/S2737416525500164,"NMR, mostly"
2ZTA,A,1,N-term,7.88,,0.02,298 K,1.0-13.0,150 mM,R,0,https://doi.org/10.1142/S2737416525500164,"NMR, mostly"
2ZTA,A,3,LYS,10.78,,0.03,298 K,1.0-13.0,150 mM,R,0,https://doi.org/10.1142/S2737416525500164,"NMR, mostly"
2ZTA,A,6,GLU,4.6,,0.15,298 K,1.0-13.0,150 mM,R,0,https://doi.org/10.1142/S2737416525500164,"NMR, mostly"
2ZTA,A,7,ASP,3.48,,0.02,298 K,1.0-13.0,150 mM,R,0,https://doi.org/10.1142/S2737416525500164,"NMR, mostly"
2ZTA,A,8,LYS,11.26,,0.05,298 K,1.0-13.0,150 mM,R,0,https://doi.org/10.1142/S2737416525500164,"NMR, mostly"
2ZTA,A,10,GLU,3.94,,0.1,298 K,1.0-13.0,150 mM,R,0,https://doi.org/10.1142/S2737416525500164,"NMR, mostly"
2ZTA,A,11,GLU,4.05,,0.03,298 K,1.0-13.0,150 mM,R,0,https://doi.org/10.1142/S2737416525500164,"NMR, mostly"
2ZTA,A,15,LYS,10.62,,0.06,298 K,1.0-13.0,150 mM,R,0,https://doi.org/10.1142/S2737416525500164,"NMR, mostly"
2ZTA,A,17,TYR,9.82,,0.08,298 K,1.0-13.0,150 mM,R,0,https://doi.org/10.1142/S2737416525500164,"NMR, mostly"
2ZTA,A,18,HIS,6.24,,0.06,298 K,1.0-13.0,150 mM,R,0,https://doi.org/10.1142/S2737416525500164,"NMR, mostly"
2ZTA,A,20,GLU,4.38,,0.01,298 K,1.0-13.0,150 mM,R,0,https://doi.org/10.1142/S2737416525500164,"NMR, mostly"
2ZTA,A,22,GLU,4.2,,0.08,298 K,1.0-13.0,150 mM,R,0,https://doi.org/10.1142/S2737416525500164,"NMR, mostly"
2ZTA,A,27,LYS,11.1,,0.02,298 K,1.0-13.0,150 mM,R,0,https://doi.org/10.1142/S2737416525500164,"NMR, mostly"
2ZTA,A,28,LYS,10.64,,0.12,298 K,1.0-13.0,150 mM,R,0,https://doi.org/10.1142/S2737416525500164,"NMR, mostly"
2ZTA,A,31,C-term,4.03,,0.06,298 K,1.0-13.0,150 mM,R,0,https://doi.org/10.1142/S2737416525500164,"NMR, mostly"
3BDC,A,10,GLU,2.82,,0.09,298 K,2.5-7.5,0.1 M,R,0,https://doi.org/10.1142/S2737416525500164,"NMR, mostly"
3BDC,A,19,ASP,2.21,keep only the major transition according to the paper,0.06-0.07,298 K,2.5-7.5,0.1 M,R,0,https://doi.org/10.1142/S2737416525500164,"NMR, mostly"
3BDC,A,21,ASP,6.54,keep only the major transition according to the paper,0.01-0.02,298 K,2.5-7.5,0.1 M,R,0,https://doi.org/10.1142/S2737416525500164,"NMR, mostly"
3BDC,A,40,ASP,3.87,,0.09,298 K,2.5-7.5,0.1 M,R,0,https://doi.org/10.1142/S2737416525500164,"NMR, mostly"
3BDC,A,43,GLU,4.32,,0.04,298 K,2.5-7.5,0.1 M,R,0,https://doi.org/10.1142/S2737416525500164,"NMR, mostly"
3BDC,A,52,GLU,3.93,,0.08,298 K,2.5-7.5,0.1 M,R,0,https://doi.org/10.1142/S2737416525500164,"NMR, mostly"
3BDC,A,57,GLU,3.49,,0.09,298 K,2.5-7.5,0.1 M,R,0,https://doi.org/10.1142/S2737416525500164,"NMR, mostly"
3BDC,A,67,GLU,3.76,,0.07,298 K,2.5-7.5,0.1 M,R,0,https://doi.org/10.1142/S2737416525500164,"NMR, mostly"
3BDC,A,73,GLU,3.31,,0.01,298 K,2.5-7.5,0.1 M,R,0,https://doi.org/10.1142/S2737416525500164,"NMR, mostly"
3BDC,A,75,GLU,3.26,,0.05,298 K,2.5-7.5,0.1 M,R,0,https://doi.org/10.1142/S2737416525500164,"NMR, mostly"
3BDC,A,95,ASP,2.16,,0.07,298 K,2.5-7.5,0.1 M,R,0,https://doi.org/10.1142/S2737416525500164,"NMR, mostly"
3BDC,A,101,GLU,3.81,,0.1,298 K,2.5-7.5,0.1 M,R,0,https://doi.org/10.1142/S2737416525500164,"NMR, mostly"
3BDC,A,122,GLU,3.89,,0.09,298 K,2.5-7.5,0.1 M,R,0,https://doi.org/10.1142/S2737416525500164,"NMR, mostly"
3BDC,A,129,GLU,3.75,,0.09,298 K,2.5-7.5,0.1 M,R,0,https://doi.org/10.1142/S2737416525500164,"NMR, mostly"
3BDC,A,135,GLU,3.76,,0.08,298 K,2.5-7.5,0.1 M,R,0,https://doi.org/10.1142/S2737416525500164,"NMR, mostly"
3C1E,A,125,LYS,6.2,,0.2,298 K,4.0-10.0,,R,0,https://doi.org/10.1142/S2737416525500164,"NMR, mostly"
3C1F,A,104,LYS,7.7,,0.2,298 K,4.0-10.0,,R,0,https://doi.org/10.1142/S2737416525500164,"NMR, mostly"
3D4D,A,91,GLU,7.1,,0.2,293 K,5.0-12.0,100 mM,R,0,https://doi.org/10.1142/S2737416525500164,"NMR, mostly"
3DMU,A,62,LYS,8.1,,0.2,298 K,4.0-10.0,,R,0,https://doi.org/10.1142/S2737416525500164,"NMR, mostly"
3E5S,A,103,LYS,8.2,,0.2,298 K,4.0-10.0,,R,0,https://doi.org/10.1142/S2737416525500164,"NMR, mostly"
3EBX,A,6,HIS,2.8,,,296-326 K,,,R,0,https://doi.org/10.1142/S2737416525500164,"NMR, mostly"
3EBX,A,26,HIS,5.8,,,296-326 K,,,R,0,https://doi.org/10.1142/S2737416525500164,"NMR, mostly"
3EJI,A,36,LYS,7.2,,0.2,298 K,4.0-10.0,,R,0,https://doi.org/10.1142/S2737416525500164,"NMR, mostly"
3ERO,A,72,GLU,7.3,,0.2,293 K,5.0-12.0,100 mM,R,0,https://doi.org/10.1142/S2737416525500164,"NMR, mostly"
3ERQ,A,25,LYS,6.3,,0.2,298 K,4.0-10.0,,R,0,https://doi.org/10.1142/S2737416525500164,"NMR, mostly"
3EVQ,A,25,GLU,7.5,,0.2,293 K,5.0-12.0,100 mM,R,0,https://doi.org/10.1142/S2737416525500164,"NMR, mostly"
3FT7,B,0,C-term,3.23,,0.03,298 K,0-12.5,<60mM,R,0,https://doi.org/10.1142/S2737416525500164,"NMR, mostly"
3FT7,B,1,N-term,7.76,,0.04,298 K,0-12.5,<60mM,R,0,https://doi.org/10.1142/S2737416525500164,"NMR, mostly"
3FT7,B,12,LYS,10.83,,0.1,298 K,0-12.5,<60mM,R,0,https://doi.org/10.1142/S2737416525500164,"NMR, mostly"
3FT7,B,16,TYR,9.14,,0.08,298 K,0-12.5,<60mM,R,0,https://doi.org/10.1142/S2737416525500164,"NMR, mostly"
3FT7,B,20,GLU,4.12,,0.04,298 K,0-12.5,<60mM,R,0,https://doi.org/10.1142/S2737416525500164,"NMR, mostly"
3FT7,B,22,HIS,4.79,,0.04,298 K,0-12.5,<60mM,R,0,https://doi.org/10.1142/S2737416525500164,"NMR, mostly"
3FT7,B,23,ASP,2.41,,0.04,298 K,0-12.5,<60mM,R,0,https://doi.org/10.1142/S2737416525500164,"NMR, mostly"
3FT7,B,27,GLU,3.58,,0.05,298 K,0-12.5,<60mM,R,0,https://doi.org/10.1142/S2737416525500164,"NMR, mostly"
3FT7,B,30,LYS,11.18,,0.09,298 K,0-12.5,<60mM,R,0,https://doi.org/10.1142/S2737416525500164,"NMR, mostly"
3FT7,B,31,GLU,4.59,,0.04,298 K,0-12.5,<60mM,R,0,https://doi.org/10.1142/S2737416525500164,"NMR, mostly"
3FT7,B,32,LYS,10.43,,0.06,298 K,0-12.5,<60mM,R,0,https://doi.org/10.1142/S2737416525500164,"NMR, mostly"
3FT7,B,38,ASP,2.8,,0.03,298 K,0-12.5,<60mM,R,0,https://doi.org/10.1142/S2737416525500164,"NMR, mostly"
3FT7,B,45,LYS,11.84,,0.09,298 K,0-12.5,<60mM,R,0,https://doi.org/10.1142/S2737416525500164,"NMR, mostly"
3FT7,B,46,GLU,2.56,,0.04,298 K,0-12.5,<60mM,R,0,https://doi.org/10.1142/S2737416525500164,"NMR, mostly"
3FT7,B,49,ASP,2.56,,0.04,298 K,0-12.5,<60mM,R,0,https://doi.org/10.1142/S2737416525500164,"NMR, mostly"
3FT7,B,51,HIS,6.94,,0.03,298 K,0-12.5,<60mM,R,0,https://doi.org/10.1142/S2737416525500164,"NMR, mostly"
3FT7,B,52,ASP,2.88,,0.03,298 K,0-12.5,<60mM,R,0,https://doi.org/10.1142/S2737416525500164,"NMR, mostly"
3FX5,A,29,ASP,3.19,,,307 K,2.2-7.0,50 mM,R,0,https://doi.org/10.1142/S2737416525500164,"NMR, mostly"
3FX5,A,30,ASP,3.88,,,307 K,2.2-7.0,50 mM,R,0,https://doi.org/10.1142/S2737416525500164,"NMR, mostly"
3FX5,A,60,ASP,2.99,,,307 K,2.2-7.0,50 mM,R,0,https://doi.org/10.1142/S2737416525500164,"NMR, mostly"
3FX5,B,129,ASP,3.65,,,307 K,2.2-7.0,50 mM,R,0,https://doi.org/10.1142/S2737416525500164,"NMR, mostly"
3FX5,B,130,ASP,3.78,,,307 K,2.2-7.0,50 mM,R,0,https://doi.org/10.1142/S2737416525500164,"NMR, mostly"
3FX5,B,160,ASP,2.99,,,307 K,2.2-7.0,50 mM,R,0,https://doi.org/10.1142/S2737416525500164,"NMR, mostly"
3H6M,A,104,GLU,9.4,,0.2,293 K,5.0-12.0,100 mM,R,0,https://doi.org/10.1142/S2737416525500164,"NMR, mostly"
3HZX,A,66,LYS,5.6,,0.2,298 K,4.0-10.0,,R,0,https://doi.org/10.1142/S2737416525500164,"NMR, mostly"
3ITP,A,34,LYS,7.1,,0.2,298 K,4.0-10.0,,R,0,https://doi.org/10.1142/S2737416525500164,"NMR, mostly"
3P75,A,104,ASP,9.7,,,,,,R,0,https://doi.org/10.1142/S2737416525500164,"NMR, mostly"
3QOJ,A,23,LYS,7.3,,0.2,298 K,4.0-10.0,,R,0,https://doi.org/10.1142/S2737416525500164,"NMR, mostly"
3QOL,A,23,GLU,7.1,,0.2,293 K,5.0-12.0,100 mM,R,0,https://doi.org/10.1142/S2737416525500164,"NMR, mostly"
3RUZ,A,74,LYS,7.4,,0.2,298 K,4.0-10.0,,R,0,https://doi.org/10.1142/S2737416525500164,"NMR, mostly"
3SK5,A,39,ASP,8.1,,,,,,R,0,https://doi.org/10.1142/S2737416525500164,"NMR, mostly"
3SSI,A,43,HIS,3.25,,,303 K,2.0-9.0,,R,0,https://doi.org/10.1142/S2737416525500164,"NMR, mostly"
3SSI,A,106,HIS,6.0,,0.1,303 K,2.0-9.0,,R,0,https://doi.org/10.1142/S2737416525500164,"NMR, mostly"
3TP7,A,99,GLU,8.4,,0.2,293 K,5.0-12.0,100 mM,R,0,https://doi.org/10.1142/S2737416525500164,"NMR, mostly"
3TP8,A,36,GLU,8.7,,0.2,293 K,5.0-12.0,100 mM,R,0,https://doi.org/10.1142/S2737416525500164,"NMR, mostly"
#3WU2,M,23,ASP,3.41,,0.05,300K,3.1-7.9,20mM,R,0,https://doi.org/10.1142/S2737416525500164,"NMR, mostly"
#3WU2,M,24,ASP,3.06,,0.03,300K,3.1-7.9,20mM,R,0,https://doi.org/10.1142/S2737416525500164,"NMR, mostly"
#3WU2,M,33,ASP,3.47,,0.05,300K,3.1-7.9,20mM,R,0,https://doi.org/10.1142/S2737416525500164,"NMR, mostly"
#3WU2,M,54,GLU,4.47,,0.06,300K,3.1-7.9,20mM,R,0,https://doi.org/10.1142/S2737416525500164,"NMR, mostly"
#3WU2,M,64,GLU,4.17,,0.04,300K,3.1-7.9,20mM,R,0,https://doi.org/10.1142/S2737416525500164,"NMR, mostly"
#3WU2,M,74,GLU,3.37,,0.05,300K,3.1-7.9,20mM,R,0,https://doi.org/10.1142/S2737416525500164,"NMR, mostly"
#3WU2,M,84,GLU,4.64,,0.07,300K,3.1-7.9,20mM,R,0,https://doi.org/10.1142/S2737416525500164,"NMR, mostly"
#3WU2,M,90,ASP,1.56,,0.14,300K,3.1-7.9,20mM,R,0,https://doi.org/10.1142/S2737416525500164,"NMR, mostly"
#3WU2,M,98,GLU,4.99,,0.04,300K,3.1-7.9,20mM,R,0,https://doi.org/10.1142/S2737416525500164,"NMR, mostly"
#3WU2,M,114,GLU,3.81,,0.08,300K,3.1-7.9,20mM,R,0,https://doi.org/10.1142/S2737416525500164,"NMR, mostly"
#3WU2,M,141,ASP,4.89,,0.03,300K,3.1-7.9,20mM,R,0,https://doi.org/10.1142/S2737416525500164,"NMR, mostly"
#3WU2,M,145,GLU,4.52,,0.04,300K,3.1-7.9,20mM,R,0,https://doi.org/10.1142/S2737416525500164,"NMR, mostly"
#3WU2,M,205,ASP,3.45,,0.09,300K,3.1-7.9,20mM,R,0,https://doi.org/10.1142/S2737416525500164,"NMR, mostly"
#3WU2,M,210,GLU,2.66,,0.12,300K,3.1-7.9,20mM,R,0,https://doi.org/10.1142/S2737416525500164,"NMR, mostly"
#3WU2,M,216,GLU,3.91,,0.1,300K,3.1-7.9,20mM,R,0,https://doi.org/10.1142/S2737416525500164,"NMR, mostly"
#3WU2,M,218,GLU,5.13,,0.07,300K,3.1-7.9,20mM,R,0,https://doi.org/10.1142/S2737416525500164,"NMR, mostly"
#3WU2,M,232,GLU,4.2,,0.1,300K,3.1-7.9,20mM,R,0,https://doi.org/10.1142/S2737416525500164,"NMR, mostly"
#3WU2,M,244,GLU,4.97,,0.08,300K,3.1-7.9,20mM,R,0,https://doi.org/10.1142/S2737416525500164,"NMR, mostly"
4BYA,A,34,HIS,5.92,4BYA: M144H; resid 144 should be 71 in PDB,0.02,298K,4.5-8.5,60mM,R,0,https://doi.org/10.1142/S2737416525500164,"NMR, mostly"
4BYA,A,71,HIS,6.79,4BYA: M144H; resid 144 should be 71 in PDB,0.02,298K,4.5-8.5,60mM,R,0,https://doi.org/10.1142/S2737416525500164,"NMR, mostly"
4EQP,A,72,ASP,7.7,,,,,,R,0,https://doi.org/10.1142/S2737416525500164,"NMR, mostly"
#4HHB,A,1,N-term,7.83,Deoxyhaemoglobin. Cofactors: heme.,0.1,309.5 K,5.0-9.0,,R,0,https://doi.org/10.1142/S2737416525500164,"NMR, mostly"
#4HHB,A,20,HIS,7.6,Deoxyhaemoglobin. Cofactors: heme.,0.1,309.5 K,5.0-9.0,,R,0,https://doi.org/10.1142/S2737416525500164,"NMR, mostly"
#4HHB,A,50,HIS,7.2,Deoxyhaemoglobin. Cofactors: heme.,0.1,309.5 K,5.0-9.0,,R,0,https://doi.org/10.1142/S2737416525500164,"NMR, mostly"
#4HHB,A,72,HIS,7.3,Deoxyhaemoglobin. Cofactors: heme.,0.1,309.5 K,5.0-9.0,,R,0,https://doi.org/10.1142/S2737416525500164,"NMR, mostly"
#4HHB,A,89,HIS,7.2,Deoxyhaemoglobin. Cofactors: heme.,0.1,309.5 K,5.0-9.0,,R,0,https://doi.org/10.1142/S2737416525500164,"NMR, mostly"
#4HHB,A,112,HIS,8.1,Deoxyhaemoglobin. Cofactors: heme.,0.1,309.5 K,5.0-9.0,,R,0,https://doi.org/10.1142/S2737416525500164,"NMR, mostly"
#4HHB,B,1,N-term,6.91,Deoxyhaemoglobin. Cofactors: heme.,0.1,309.5 K,5.0-9.0,,R,0,https://doi.org/10.1142/S2737416525500164,"NMR, mostly"
#4HHB,B,2,HIS,6.7,Deoxyhaemoglobin. Cofactors: heme.,0.1,309.5 K,5.0-9.0,,R,0,https://doi.org/10.1142/S2737416525500164,"NMR, mostly"
#4HHB,B,77,HIS,7.8,Deoxyhaemoglobin. Cofactors: heme.,0.1,309.5 K,5.0-9.0,,R,0,https://doi.org/10.1142/S2737416525500164,"NMR, mostly"
#4HHB,B,143,HIS,5.6,Deoxyhaemoglobin. Cofactors: heme.,0.1,309.5 K,5.0-9.0,,R,0,https://doi.org/10.1142/S2737416525500164,"NMR, mostly"
#4HHB,B,146,HIS,8.1,Deoxyhaemoglobin. Cofactors: heme.,0.1,309.5 K,5.0-9.0,,R,0,https://doi.org/10.1142/S2737416525500164,"NMR, mostly"
4HMI,A,99,LYS,6.5,,0.2,298 K,4.0-10.0,,R,0,https://doi.org/10.1142/S2737416525500164,"NMR, mostly"
4HMJ,A,36,ASP,7.9,4HMJ : DELTA+PHS L36D,,,,,R,0,https://doi.org/10.1142/S2737416525500164,"NMR, mostly"
4ICB,A,1,LYS,10.58,"Ca2+ loaded form, pKa from 13C NMR",0.04,300 K,5.25-12.25,,R,0,https://doi.org/10.1142/S2737416525500164,"NMR, mostly"
4ICB,A,4,GLU,3.77,"Ca2+ loaded form, pKa from 13C NMR",0.02,300 K,2.4-7.6,1 M,R,0,https://doi.org/10.1142/S2737416525500164,"NMR, mostly"
4ICB,A,5,GLU,3.4,"Ca2+ loaded form, pKa from 13C NMR",0.02,300 K,2.4-7.6,1 M,R,0,https://doi.org/10.1142/S2737416525500164,"NMR, mostly"
4ICB,A,7,LYS,11.31,"Ca2+ loaded form, pKa from 13C NMR",0.03,300 K,5.25-12.25,,R,0,https://doi.org/10.1142/S2737416525500164,"NMR, mostly"
4ICB,A,11,GLU,4.74,"Ca2+ loaded form, pKa from 13C NMR",0.02,300 K,2.4-7.6,1 M,R,0,https://doi.org/10.1142/S2737416525500164,"NMR, mostly"
4ICB,A,12,LYS,11.06,"Ca2+ loaded form, pKa from 13C NMR",0.07,300 K,5.25-12.25,,R,0,https://doi.org/10.1142/S2737416525500164,"NMR, mostly"
4ICB,A,16,LYS,10.12,"Ca2+ loaded form, pKa from 13C NMR",0.05,300 K,5.25-12.25,,R,0,https://doi.org/10.1142/S2737416525500164,"NMR, mostly"
4ICB,A,17,GLU,3.62,"Ca2+ loaded form, pKa from 13C NMR",,300 K,2.4-7.6,1 M,R,0,https://doi.org/10.1142/S2737416525500164,"NMR, mostly"
4ICB,A,25,LYS,11.72,"Ca2+ loaded form, pKa from 13C NMR",0.06,300 K,5.25-12.25,,R,0,https://doi.org/10.1142/S2737416525500164,"NMR, mostly"
4ICB,A,26,GLU,4.08,"Ca2+ loaded form, pKa from 13C NMR",0.04,300 K,2.4-7.6,1 M,R,0,https://doi.org/10.1142/S2737416525500164,"NMR, mostly"
4ICB,A,29,LYS,10.88,"Ca2+ loaded form, pKa from 13C NMR",0.09,300 K,5.25-12.25,,R,0,https://doi.org/10.1142/S2737416525500164,"NMR, mostly"
4ICB,A,41,LYS,10.83,"Ca2+ loaded form, pKa from 13C NMR",0.06,300 K,5.25-12.25,,R,0,https://doi.org/10.1142/S2737416525500164,"NMR, mostly"
4ICB,A,47,ASP,3.04,"Ca2+ loaded form, pKa from 13C NMR",0.09,300 K,2.4-7.6,1 M,R,0,https://doi.org/10.1142/S2737416525500164,"NMR, mostly"
4ICB,A,48,GLU,4.62,"Ca2+ loaded form, pKa from 13C NMR",0.06,300 K,2.4-7.6,1 M,R,0,https://doi.org/10.1142/S2737416525500164,"NMR, mostly"
4ICB,A,55,LYS,11.33,"Ca2+ loaded form, pKa from 13C NMR",0.04,300 K,5.25-12.25,,R,0,https://doi.org/10.1142/S2737416525500164,"NMR, mostly"
4ICB,A,64,GLU,3.84,"Ca2+ loaded form, pKa from 13C NMR",0.02,300 K,2.4-7.6,1 M,R,0,https://doi.org/10.1142/S2737416525500164,"NMR, mostly"
4ICB,A,71,LYS,10.73,"Ca2+ loaded form, pKa from 13C NMR",0.02,300 K,5.25-12.25,,R,0,https://doi.org/10.1142/S2737416525500164,"NMR, mostly"
4ICB,A,72,LYS,10.91,"Ca2+ loaded form, pKa from 13C NMR",0.07,300 K,5.25-12.25,,R,0,https://doi.org/10.1142/S2737416525500164,"NMR, mostly"
4ICB,A,75,C-term,3.2,"Ca2+ loaded form, pKa from 13C NMR",0.05,300 K,2.4-7.6,1 M,R,0,https://doi.org/10.1142/S2737416525500164,"NMR, mostly"
4KY5,A,23,ASP,6.8,,,,,,R,0,https://doi.org/10.1142/S2737416525500164,"NMR, mostly"
4KY6,A,25,ASP,6.8,4KY6 : DELTA+PHS L25D AT PH 6,,,,,R,0,https://doi.org/10.1142/S2737416525500164,"NMR, mostly"
4KY7,A,74,ASP,8.3,,,,,,R,0,https://doi.org/10.1142/S2737416525500164,"NMR, mostly"
4LZT,A,0,N-term,7.9,,0.1,298 K,1.8-11.1,0.1 M,R,0,https://doi.org/10.1142/S2737416525500164,"NMR, mostly"
4LZT,A,1,LYS,10.8,Apparent pKa,0.1,298 K,1.8-11.1,0.1 M,R,0,https://doi.org/10.1142/S2737416525500164,"NMR, mostly"
4LZT,A,7,GLU,2.85,,0.25,308 K,1.0-7.0,2.5 M,R,0,https://doi.org/10.1142/S2737416525500164,"NMR, mostly"
4LZT,A,13,LYS,10.5,Apparent pKa,0.1,298 K,1.8-11.1,0.1 M,R,0,https://doi.org/10.1142/S2737416525500164,"NMR, mostly"
4LZT,A,15,HIS,5.5,Using this pKa measured @ 296K in Taka1992 b/c this is a more moderate temperature,,296 K,,0.022 M,R,0,https://doi.org/10.1142/S2737416525500164,"NMR, mostly"
4LZT,A,18,ASP,2.66,,0.08,308 K,1.0-7.0,2.5 M,R,0,https://doi.org/10.1142/S2737416525500164,"NMR, mostly"
4LZT,A,20,TYR,10.6,,,298 K,1.8-11.1,0.1 M,R,0,https://doi.org/10.1142/S2737416525500164,"NMR, mostly"
4LZT,A,23,TYR,10.2,,,298 K,1.8-11.1,0.1 M,R,0,https://doi.org/10.1142/S2737416525500164,"NMR, mostly"
4LZT,A,33,LYS,10.6,Apparent pKa @ 298K from Kura1980; use this b/c this is a more moderate temperature,0.1,298 K,1.8-11.1,0.1 M,R,0,https://doi.org/10.1142/S2737416525500164,"NMR, mostly"
4LZT,A,35,GLU,6.2,,0.1,308 K,1.0-7.0,2.5 M,R,0,https://doi.org/10.1142/S2737416525500164,"NMR, mostly"
4LZT,A,48,ASP,1.6,,0.4,308 K,1.0-7.0,2.5 M,R,0,https://doi.org/10.1142/S2737416525500164,"NMR, mostly"
4LZT,A,52,ASP,3.68,,0.08,308 K,1.0-7.0,2.5 M,R,0,https://doi.org/10.1142/S2737416525500164,"NMR, mostly"
4LZT,A,53,TYR,11.7,,,298 K,1.8-11.1,0.1 M,R,0,https://doi.org/10.1142/S2737416525500164,"NMR, mostly"
4LZT,A,66,ASP,0.9,,0.5,308 K,1.0-7.0,2.5 M,R,0,https://doi.org/10.1142/S2737416525500164,"NMR, mostly"
4LZT,A,87,ASP,2.07,,0.15,308 K,1.0-7.0,2.5 M,R,0,https://doi.org/10.1142/S2737416525500164,"NMR, mostly"
4LZT,A,96,LYS,10.8,Apparent pKa,0.1,298 K,1.8-11.1,0.1 M,R,0,https://doi.org/10.1142/S2737416525500164,"NMR, mostly"
4LZT,A,97,LYS,10.3,Apparent pKa @ 298K from Kura1980; use this b/c this is a more moderate temperature,0.1,298 K,1.8-11.1,0.1 M,R,0,https://doi.org/10.1142/S2737416525500164,"NMR, mostly"
4LZT,A,101,ASP,5.4,Apparent pKa @ 298K from Kura1980; use this b/c this is a more moderate temperature,0.07,298 K,1.8-11.1,2.5 M,R,0,https://doi.org/10.1142/S2737416525500164,"NMR, mostly"
4LZT,A,116,LYS,10.4,Apparent pKa @ 298K from Kura1980; use this b/c this is a more moderate temperature,0.1,298 K,1.8-11.1,0.1 M,R,0,https://doi.org/10.1142/S2737416525500164,"NMR, mostly"
4LZT,A,119,ASP,3.2,,0.09,308 K,1.0-7.0,2.5 M,R,0,https://doi.org/10.1142/S2737416525500164,"NMR, mostly"
4LZT,A,129,C-term,2.75,,0.12,293 K,1.0-7.0,2.5 mM,R,0,https://doi.org/10.1142/S2737416525500164,"NMR, mostly"
#4MA9,A,46,CYS,5.94,,0.1,297 K,3.0-10.0,100 mM,R,0,https://doi.org/10.1142/S2737416525500164,"NMR, mostly"
4PTI,A,1,N-term,8.1,,0.1,293 K,0-16,200 mM,R,0,https://doi.org/10.1142/S2737416525500164,"NMR, mostly"
4PTI,A,3,ASP,3.0,,0.1,293 K,0-16,150 mM,R,0,https://doi.org/10.1142/S2737416525500164,"NMR, mostly"
4PTI,A,7,GLU,3.7,,0.1,293 K,0-16,150 mM,R,0,https://doi.org/10.1142/S2737416525500164,"NMR, mostly"
4PTI,A,10,TYR,10.4,,0.2,298 K,5.0-13.0,0.1 M,R,0,https://doi.org/10.1142/S2737416525500164,"NMR, mostly"
4PTI,A,15,LYS,10.6,,0.1,293 K,0-16,150 mM,R,0,https://doi.org/10.1142/S2737416525500164,"NMR, mostly"
4PTI,A,21,TYR,11.1,,0.2,298 K,5.0-13.0,0.1 M,R,0,https://doi.org/10.1142/S2737416525500164,"NMR, mostly"
4PTI,A,23,TYR,11.7,,0.2,298 K,5.0-13.0,0.1 M,R,0,https://doi.org/10.1142/S2737416525500164,"NMR, mostly"
4PTI,A,26,LYS,10.6,,0.1,293 K,0-16,150 mM,R,0,https://doi.org/10.1142/S2737416525500164,"NMR, mostly"
4PTI,A,35,TYR,11.1,,0.2,298 K,5.0-13.0,0.1 M,R,0,https://doi.org/10.1142/S2737416525500164,"NMR, mostly"
4PTI,A,41,LYS,10.8,,0.1,293 K,0-16,150 mM,R,0,https://doi.org/10.1142/S2737416525500164,"NMR, mostly"
4PTI,A,46,LYS,10.6,,0.1,293 K,0-16,150 mM,R,0,https://doi.org/10.1142/S2737416525500164,"NMR, mostly"
4PTI,A,49,GLU,3.8,,0.1,293 K,0-16,150 mM,R,0,https://doi.org/10.1142/S2737416525500164,"NMR, mostly"
4PTI,A,50,ASP,3.4,,0.1,293 K,0-16,150 mM,R,0,https://doi.org/10.1142/S2737416525500164,"NMR, mostly"
4PTI,A,58,C-term,2.9,,0.1,293 K,0-16,200 mM,R,0,https://doi.org/10.1142/S2737416525500164,"NMR, mostly"
4QYT,A,111,CYS,4.6,,0.04,,3-7,,R,0,https://doi.org/10.1142/S2737416525500164,"NMR, mostly"
4XLL,A,104,CYS,5.0,,0.1,,,,R,0,https://doi.org/10.1142/S2737416525500164,"NMR, mostly"
4YIJ,A,109,GLU,7.9,4YIJ : Delta+PHS A109E,0.2,293 K,5.0-12.0,100 mM,R,0,https://doi.org/10.1142/S2737416525500164,"NMR, mostly"
5DEH,A,100,ASP,6.8,,,,,,R,0,https://doi.org/10.1142/S2737416525500164,"NMR, mostly"
5E1F,A,20,GLU,4.5,5E1F : Delta+PHS G20E,0.2,293 K,5.0-12.0,100 mM,R,0,https://doi.org/10.1142/S2737416525500164,"NMR, mostly"
5E3F,A,92,LYS,5.3,,0.2,298 K,4.0-10.0,,R,0,https://doi.org/10.1142/S2737416525500164,"NMR, mostly"
5EGT,A,66,GLU,8.5,,0.2,293 K,5.0-12.0,100 mM,R,0,https://doi.org/10.1142/S2737416525500164,"NMR, mostly"
5I6W,A,58,ASP,6.8,,,,,,R,0,https://doi.org/10.1142/S2737416525500164,"NMR, mostly"
5I6Y,A,90,GLU,6.4,5I6Y : Delta+PHS A90E,0.2,293 K,5.0-12.0,100 mM,R,0,https://doi.org/10.1142/S2737416525500164,"NMR, mostly"
5IIF,A,62,ASP,8.8,,,,,,R,0,https://doi.org/10.1142/S2737416525500164,"NMR, mostly"
5ISR,A,38,GLU,7.0,"Harms2009, NMR, use this one",0.1,298 K,2.0-9.0,100 mM,R,0,https://doi.org/10.1142/S2737416525500164,"NMR, mostly"
5J1Z,A,90,ASP,7.5,,,,,,R,0,https://doi.org/10.1142/S2737416525500164,"NMR, mostly"
5JAV,A,91,ASP,6.6,,,,,,R,0,https://doi.org/10.1142/S2737416525500164,"NMR, mostly"
5KGU,A,118,ASP,7.0,,,,,,R,0,https://doi.org/10.1142/S2737416525500164,"NMR, mostly"
5KIX,A,92,GLU,9.0,"PDBs 1TQO,1TR5,5KIX are all DELTA+PHS I92E; 5KIX is the latest, so chose it",0.2,293 K,5.0-12.0,100 mM,R,0,https://doi.org/10.1142/S2737416525500164,"NMR, mostly"
6EEG,A,62,GLU,7.7,,0.2,293 K,5.0-12.0,100 mM,R,0,https://doi.org/10.1142/S2737416525500164,"NMR, mostly"
6GST,A,83,HIS,5.18,,0.05,298 K,4.0-9.0,,R,0,https://doi.org/10.1142/S2737416525500164,"NMR, mostly"
6GST,A,84,HIS,7.08,,0.01,298 K,4.0-9.0,,R,0,https://doi.org/10.1142/S2737416525500164,"NMR, mostly"
6GST,A,167,HIS,7.77,,0.03,298 K,4.0-9.0,,R,0,https://doi.org/10.1142/S2737416525500164,"NMR, mostly"
7M2Z,B,441,GLU,4.32,,0.04,297K,2.3-7.2,,R,0,https://doi.org/10.1142/S2737416525500164,"NMR, mostly"
7M2Z,B,443,ASP,3.9,,0.05,297K,2.3-7.2,,R,0,https://doi.org/10.1142/S2737416525500164,"NMR, mostly"
7M2Z,B,447,ASP,4.13,,0.05,297K,2.3-7.2,,R,0,https://doi.org/10.1142/S2737416525500164,"NMR, mostly"
7M2Z,B,448,ASP,4.26,,0.04,297K,2.3-7.2,,R,0,https://doi.org/10.1142/S2737416525500164,"NMR, mostly"
7M2Z,B,452,ASP,4.12,,0.05,297K,2.3-7.2,,R,0,https://doi.org/10.1142/S2737416525500164,"NMR, mostly"
7M2Z,B,453,ASP,4.15,,0.04,297K,2.3-7.2,,R,0,https://doi.org/10.1142/S2737416525500164,"NMR, mostly"
7RSA,A,1,N-term,7.6,,0.2,293 K,1.5-11.0,30 mM,R,0,https://doi.org/10.1142/S2737416525500164,"NMR, mostly"
7RSA,A,2,GLU,2.75,This is an average pKa of values measured at two salt concentrations (30 mM and 1 M).,0.08,303 K,1.2-7.9,(calculated average),R,0,https://doi.org/10.1142/S2737416525500164,"NMR, mostly"
7RSA,A,9,GLU,4.0,This is an average pKa of values measured at two salt concentrations (30 mM and 1 M).,,303 K,1.2-7.9,(calculated average),R,0,https://doi.org/10.1142/S2737416525500164,"NMR, mostly"
7RSA,A,12,HIS,6.08,This is an average pKa of values measured at two salt concentrations (30 mM and 1 M).,0.1,303 K,1.2-7.9,(calculated average),R,0,https://doi.org/10.1142/S2737416525500164,"NMR, mostly"
7RSA,A,38,ASP,2.8,This is an average pKa of values measured at two salt concentrations (30 mM and 1 M).,0.1,303 K,1.2-7.9,(calculated average),R,0,https://doi.org/10.1142/S2737416525500164,"NMR, mostly"
7RSA,A,48,HIS,6.0,,0.2,293 K,1.5-11.0,30 mM,R,0,https://doi.org/10.1142/S2737416525500164,"NMR, mostly"
7RSA,A,49,GLU,4.5,This is an average pKa of values measured at two salt concentrations (30 mM and 1 M).,0.1,303 K,1.2-7.9,(calculated average),R,0,https://doi.org/10.1142/S2737416525500164,"NMR, mostly"
7RSA,A,53,ASP,3.8,This is an average pKa of values measured at two salt concentrations (30 mM and 1 M).,0.1,303 K,1.2-7.9,(calculated average),R,0,https://doi.org/10.1142/S2737416525500164,"NMR, mostly"
7RSA,A,83,ASP,3.4,This is an average pKa of values measured at two salt concentrations (30 mM and 1 M).,0.1,303 K,1.2-7.9,(calculated average),R,0,https://doi.org/10.1142/S2737416525500164,"NMR, mostly"
7RSA,A,86,GLU,4.05,This is an average pKa of values measured at two salt concentrations (30 mM and 1 M).,0.1,303 K,1.2-7.9,(calculated average),R,0,https://doi.org/10.1142/S2737416525500164,"NMR, mostly"
7RSA,A,105,HIS,6.67,This is an average pKa of values measured at two salt concentrations (30 mM and 1 M).,0.1,303 K,1.2-7.9,(calculated average),R,0,https://doi.org/10.1142/S2737416525500164,"NMR, mostly"
7RSA,A,111,GLU,3.5,This is an average pKa of values measured at two salt concentrations (30 mM and 1 M).,,303 K,1.2-7.9,(calculated average),R,0,https://doi.org/10.1142/S2737416525500164,"NMR, mostly"
7RSA,A,119,HIS,6.31,This is an average pKa of values measured at two salt concentrations (30 mM and 1 M).,0.1,303 K,1.2-7.9,(calculated average),R,0,https://doi.org/10.1142/S2737416525500164,"NMR, mostly"
7RSA,A,121,ASP,3.05,This is an average pKa of values measured at two salt concentrations (30 mM and 1 M).,0.1,303 K,1.2-7.9,(calculated average),R,0,https://doi.org/10.1142/S2737416525500164,"NMR, mostly"
7RSA,A,124,C-term,2.4,,0.2,293 K,1.5-11.0,30 mM,R,0,https://doi.org/10.1142/S2737416525500164,"NMR, mostly"
8I41,A,35,GLU,5.8,,,,,,R,0,https://doi.org/10.1142/S2737416525500164,"NMR, mostly"
8I41,A,181,GLU,5.5,,,,,,R,0,https://doi.org/10.1142/S2737416525500164,"NMR, mostly"
8UOZ,B,25,GLU,4.4,PDB 3B61 is its wildtype form.,0.3,268K,1.7-11.0,170mM,R,0,https://doi.org/10.1142/S2737416525500164,"NMR, mostly"
9RNT,A,1,N-term,8.1,,0.1,308 K,2.0-9.0,1 M,R,0,https://doi.org/10.1142/S2737416525500164,"NMR, mostly"
9RNT,A,3,ASP,3.54,,0.02,308 K,2.0-9.0,1 M,R,0,https://doi.org/10.1142/S2737416525500164,"NMR, mostly"
9RNT,A,15,ASP,3.52,,0.02-0.07,308 K,2.0-9.0,1 M,R,0,https://doi.org/10.1142/S2737416525500164,"NMR, mostly"
9RNT,A,27,HIS,7.57,,0.12,308 K,2.0-9.0,1 M,R,0,https://doi.org/10.1142/S2737416525500164,"NMR, mostly"
9RNT,A,28,GLU,5.61,,0.03,308 K,2.0-9.0,1 M,R,0,https://doi.org/10.1142/S2737416525500164,"NMR, mostly"
9RNT,A,29,ASP,4.26,,0.03,308 K,2.0-9.0,1 M,R,0,https://doi.org/10.1142/S2737416525500164,"NMR, mostly"
9RNT,A,31,GLU,5.36,,0.07,308 K,2.0-9.0,1 M,R,0,https://doi.org/10.1142/S2737416525500164,"NMR, mostly"
9RNT,A,40,HIS,7.44,,0.05-4,308 K,2.0-9.0,1 M,R,0,https://doi.org/10.1142/S2737416525500164,"NMR, mostly"
9RNT,A,46,GLU,3.62,,0.04,308 K,2.0-9.0,1 M,R,0,https://doi.org/10.1142/S2737416525500164,"NMR, mostly"
9RNT,A,49,ASP,4.22,,0.05,308 K,2.0-9.0,1 M,R,0,https://doi.org/10.1142/S2737416525500164,"NMR, mostly"
9RNT,A,58,GLU,3.96,,0.03,308 K,2.0-9.0,1 M,R,0,https://doi.org/10.1142/S2737416525500164,"NMR, mostly"
9RNT,A,66,ASP,3.9,,0.01,308 K,2.0-9.0,1 M,R,0,https://doi.org/10.1142/S2737416525500164,"NMR, mostly"
9RNT,A,76,ASP,0.5,,,308 K,2.0-9.0,1 M,R,0,https://doi.org/10.1142/S2737416525500164,"NMR, mostly"
9RNT,A,82,GLU,3.27,,0.02,308 K,2.0-9.0,1 M,R,0,https://doi.org/10.1142/S2737416525500164,"NMR, mostly"
9RNT,A,92,HIS,7.31,,0.04,308 K,2.0-9.0,1 M,R,0,https://doi.org/10.1142/S2737416525500164,"NMR, mostly"
9RNT,A,102,GLU,5.3,,0.02,308 K,2.0-9.0,1 M,R,0,https://doi.org/10.1142/S2737416525500164,"NMR, mostly"
